applicant_id,monitoring_month,jurisdiction,protected_group,age,annual_income,employment_years,debt_to_income,credit_history_years,missed_payments_12m,prior_default,loan_amount,product_type,actual_repaid,true_repayment_probability,predicted_repayment_probability,approved
A00-00000,0,US,Minority,27,78727.67,4.99,0.462,4.61,3,1,25247.8,auto,0,0.1197,0.1117253175853419,0
A00-00001,0,EU,Majority,33,86506.52,3.45,0.419,5.47,1,0,29587.36,personal,1,0.5111,0.457388015051188,0
A00-00002,0,EU,Minority,42,75219.35,4.44,0.288,5.16,1,1,10508.88,auto,0,0.326,0.2630289042765733,0
A00-00003,0,EU,Minority,32,77625.48,5.3,0.439,10.02,2,0,27295.46,auto,0,0.5271,0.5118410184430492,0
A00-00004,0,US,Majority,36,64099.99,6.63,0.308,4.77,1,0,31530.93,personal,0,0.4208,0.4075485511179949,0
A00-00005,0,US,Minority,44,57612.73,5.55,0.538,6.88,1,0,25739.22,personal,0,0.3224,0.293754908719834,0
A00-00006,0,EU,Minority,35,49186.46,5.49,0.359,5.59,2,0,21819.45,auto,0,0.2987,0.2725016609570145,0
A00-00007,0,EU,Minority,41,64686.85,7.35,0.02,10.38,1,0,50844.88,auto,1,0.7139,0.8072752530680695,1
A00-00008,0,US,Majority,57,58469.93,5.92,0.437,11.89,2,0,13700.32,personal,1,0.4483,0.44522776223031835,0
A00-00009,0,EU,Majority,37,60271.74,9.77,0.275,1.16,1,1,20325.09,personal,1,0.156,0.13594240582858627,0
A00-00010,0,US,Majority,52,79898.11,5.93,0.297,12.68,1,0,36466.1,auto,1,0.7423,0.782470073062323,1
A00-00011,0,US,Minority,45,84006.25,13.36,0.415,4.66,2,0,18122.71,personal,1,0.4617,0.4020368598167073,0
A00-00012,0,US,Majority,23,76066.94,3.16,0.159,9.45,1,0,18161.48,home_improvement,1,0.7261,0.727198464304813,1
A00-00013,0,US,Minority,27,95592.0,4.94,0.384,3.34,1,0,33287.05,personal,1,0.5313,0.4684224401424617,0
A00-00014,0,US,Majority,30,55095.2,4.01,0.394,9.98,0,0,30067.96,auto,0,0.5802,0.5587349360471557,1
A00-00015,0,EU,Majority,30,33578.48,6.78,0.374,18.71,1,0,27254.18,home_improvement,1,0.5823,0.6989612841531833,1
A00-00016,0,US,Majority,38,82077.93,3.16,0.258,9.01,1,0,29243.46,personal,1,0.6594,0.6558184317027178,1
A00-00017,0,US,Majority,46,53835.16,2.28,0.449,6.66,0,0,20295.52,auto,1,0.4728,0.3994183022882757,0
A00-00018,0,US,Minority,53,56299.85,3.56,0.255,6.17,1,0,26205.51,personal,0,0.4354,0.43719614858645267,0
A00-00019,0,US,Majority,42,34873.87,2.4,0.255,2.62,2,0,24554.23,auto,0,0.1988,0.1891552371983766,0
A00-00020,0,US,Minority,34,44415.01,5.35,0.359,12.9,3,1,30206.09,home_improvement,0,0.1264,0.21762496663382316,0
A00-00021,0,EU,Majority,21,39957.68,6.62,0.365,9.75,2,0,29949.2,home_improvement,0,0.3023,0.37363876414720754,0
A00-00022,0,US,Minority,40,53248.24,2.05,0.336,2.9,1,0,16868.69,personal,0,0.3119,0.24775716671337547,0
A00-00023,0,EU,Minority,39,54003.52,4.76,0.522,3.03,4,0,33568.43,home_improvement,0,0.0857,0.11119974151613844,0
A00-00024,0,EU,Minority,41,63209.25,10.5,0.41,7.16,1,0,10401.6,home_improvement,0,0.5168,0.48108910921378994,0
A00-00025,0,US,Majority,62,92054.74,12.18,0.339,12.23,0,0,27274.64,personal,1,0.84,0.844561373502775,1
A00-00026,0,EU,Majority,53,81361.22,9.01,0.361,3.9,0,1,20838.77,home_improvement,1,0.3527,0.34949088523507116,0
A00-00027,0,EU,Majority,48,37678.78,1.0,0.418,12.95,1,0,16013.49,personal,0,0.4166,0.41649330900774617,0
A00-00028,0,EU,Majority,28,80052.29,6.28,0.359,8.13,1,0,43733.73,home_improvement,1,0.5677,0.6412235466393627,1
A00-00029,0,EU,Minority,33,63623.34,11.17,0.158,3.38,1,0,13937.49,home_improvement,0,0.5558,0.5262927520977105,0
A00-00030,0,EU,Minority,38,59641.3,4.47,0.506,5.23,0,0,17745.2,auto,1,0.4591,0.3514363220510797,0
A00-00031,0,EU,Minority,30,61068.71,2.71,0.389,14.09,1,0,29424.98,personal,1,0.5847,0.6118342428938769,1
A00-00032,0,EU,Majority,45,72386.5,10.71,0.412,2.95,3,1,23899.47,home_improvement,0,0.1002,0.12182940526767354,0
A00-00033,0,US,Majority,43,55354.15,11.59,0.281,5.57,0,1,25941.96,personal,1,0.2665,0.27135359854972396,0
A00-00034,0,EU,Majority,27,65035.33,5.89,0.111,12.31,2,0,35350.36,personal,1,0.6232,0.6988469531643665,1
A00-00035,0,EU,Majority,52,90994.84,2.72,0.057,9.37,0,0,35563.53,personal,1,0.8436,0.8598553518650042,1
A00-00036,0,EU,Majority,40,55125.79,1.87,0.217,5.34,2,0,22462.63,personal,0,0.3399,0.33088150794193094,0
A00-00037,0,US,Majority,21,48932.13,7.17,0.392,12.36,1,0,23088.91,personal,0,0.4993,0.49544318268205484,0
A00-00038,0,US,Majority,38,67327.56,4.03,0.486,12.55,1,0,33983.97,personal,0,0.5255,0.5542671536801433,1
A00-00039,0,US,Majority,42,47019.24,5.68,0.366,9.83,1,0,32621.75,home_improvement,1,0.4219,0.5076768471286404,0
A00-00040,0,US,Majority,50,35767.12,5.33,0.204,6.05,1,0,26625.69,home_improvement,0,0.3591,0.4256992544395196,0
A00-00041,0,US,Minority,35,54955.12,3.44,0.281,5.27,4,1,28880.18,home_improvement,0,0.0636,0.09942424857788158,0
A00-00042,0,US,Minority,48,89023.82,1.8,0.538,8.24,1,0,28166.99,auto,0,0.5732,0.5226491226339111,0
A00-00043,0,US,Majority,41,67766.52,4.54,0.173,3.25,2,0,23394.05,auto,0,0.4423,0.40919653619283547,0
A00-00044,0,US,Minority,25,64892.96,6.42,0.627,12.41,1,0,24010.73,auto,0,0.5108,0.4654105336947333,0
A00-00045,0,US,Minority,23,21027.18,6.59,0.6,13.9,1,0,31185.22,auto,1,0.2778,0.3044546788888315,0
A00-00046,0,EU,Majority,51,76824.38,3.88,0.586,7.56,0,0,31172.47,home_improvement,0,0.5216,0.5252321599186955,0
A00-00047,0,US,Majority,52,70273.95,11.46,0.376,9.92,4,0,8899.26,personal,0,0.3624,0.36100209028160835,0
A00-00048,0,US,Minority,43,48866.62,2.91,0.334,11.84,2,0,17858.87,home_improvement,1,0.4364,0.496687573194803,0
A00-00049,0,US,Majority,55,71920.96,0.8,0.373,16.32,1,0,23973.54,home_improvement,1,0.7306,0.7913011939840502,1
A00-00050,0,US,Majority,51,71732.31,10.04,0.439,14.73,1,0,21358.74,personal,0,0.692,0.704741517864313,1
A00-00051,0,US,Majority,47,48369.73,6.3,0.252,1.56,1,1,35769.45,home_improvement,0,0.1127,0.15364483614022684,0
A00-00052,0,EU,Minority,29,67805.22,4.57,0.243,5.84,1,0,54821.44,home_improvement,1,0.4546,0.5810050916166405,1
A00-00053,0,EU,Majority,58,91245.57,7.7,0.296,10.5,1,0,8977.75,personal,1,0.7832,0.7387880183646808,1
A00-00054,0,US,Minority,45,57169.11,5.14,0.282,5.12,2,0,28166.24,personal,1,0.3148,0.32431949573840513,0
A00-00055,0,EU,Minority,35,45015.71,2.26,0.524,14.23,0,0,26945.78,auto,1,0.5535,0.5474068424171545,0
A00-00056,0,US,Majority,32,65125.98,2.77,0.256,15.02,0,1,22090.02,auto,1,0.5833,0.6044022695560807,1
A00-00057,0,US,Majority,42,84737.65,4.95,0.341,5.24,2,0,29591.7,personal,1,0.4497,0.43452073672614744,0
A00-00058,0,US,Majority,21,45199.94,4.21,0.448,7.85,1,0,24926.85,personal,0,0.3147,0.2855775048258767,0
A00-00059,0,US,Majority,47,79492.61,9.91,0.484,5.5,3,0,22629.27,auto,0,0.342,0.3124175510182266,0
A00-00060,0,EU,Majority,29,55617.73,4.09,0.355,7.72,2,0,25162.89,personal,0,0.3324,0.3267464593505671,0
A00-00061,0,EU,Majority,43,73099.2,3.94,0.376,7.6,3,0,30464.29,personal,1,0.3221,0.3487053148793796,0
A00-00062,0,EU,Majority,33,57777.71,3.62,0.208,12.32,2,0,29613.94,personal,0,0.5286,0.589203470843965,1
A00-00063,0,US,Minority,36,50726.68,3.43,0.498,3.55,4,0,26816.75,home_improvement,0,0.0915,0.109430907717783,0
A00-00064,0,EU,Majority,31,97438.8,3.5,0.482,0.5,0,0,22819.79,personal,0,0.5303,0.3792132004415633,0
A00-00065,0,US,Majority,37,41727.35,2.5,0.106,2.08,0,0,50103.1,auto,1,0.3881,0.4359573618702863,0
A00-00066,0,US,Majority,60,77721.96,6.45,0.542,4.39,2,0,27159.65,auto,0,0.3347,0.30222463961360096,0
A00-00067,0,US,Majority,54,101395.16,5.4,0.246,5.88,6,0,33036.93,home_improvement,0,0.2778,0.39591895614856965,0
A00-00068,0,EU,Majority,43,81524.92,5.27,0.401,9.25,4,0,18684.78,home_improvement,1,0.3653,0.4139201694246017,0
A00-00069,0,EU,Majority,39,43209.16,1.95,0.339,4.18,0,0,24733.35,home_improvement,1,0.3649,0.36014832315909295,0
A00-00070,0,US,Majority,48,44149.97,7.33,0.323,3.66,0,0,27221.02,auto,0,0.4092,0.37167323422608534,0
A00-00071,0,EU,Majority,51,54219.12,7.75,0.305,4.78,0,0,11498.03,personal,0,0.5134,0.42680373364258356,0
A00-00072,0,EU,Minority,30,64500.25,13.01,0.256,2.64,2,0,18881.51,personal,0,0.3707,0.32150716205658564,0
A00-00073,0,EU,Majority,38,72792.91,7.51,0.393,6.28,0,0,19676.8,personal,1,0.5992,0.5176366277192544,0
A00-00074,0,US,Majority,21,44337.77,14.46,0.296,6.11,1,0,18826.66,personal,0,0.4089,0.36724132869755366,0
A00-00075,0,EU,Majority,51,51917.61,3.82,0.173,11.26,0,0,14647.75,personal,0,0.7023,0.6883561692744398,1
A00-00076,0,EU,Majority,62,53081.83,13.4,0.206,4.54,0,0,28065.73,personal,1,0.5382,0.5438600479875308,0
A00-00077,0,EU,Majority,40,65065.81,7.65,0.175,7.07,2,0,38600.09,personal,0,0.4524,0.520768859768546,0
A00-00078,0,US,Majority,21,106209.21,7.11,0.267,6.32,0,0,31595.57,auto,1,0.8319,0.7837016137344696,1
A00-00079,0,EU,Minority,46,43769.45,5.19,0.433,10.34,0,0,16819.19,home_improvement,0,0.5118,0.5190000804272603,0
A00-00080,0,US,Majority,29,49937.8,4.56,0.245,7.88,2,0,17175.62,personal,0,0.3817,0.3627896221924498,0
A00-00081,0,EU,Majority,32,46970.33,4.0,0.447,12.7,3,0,20641.87,personal,0,0.2813,0.30661545797070733,0
A00-00082,0,US,Minority,46,73575.35,13.65,0.361,2.49,0,0,16215.6,auto,0,0.6077,0.4928293449866224,0
A00-00083,0,US,Majority,42,67714.51,5.09,0.295,8.3,0,0,30651.62,personal,0,0.6301,0.6225234697363252,1
A00-00084,0,US,Majority,34,51471.7,7.73,0.332,6.2,2,0,36632.0,home_improvement,0,0.2918,0.37067285680547435,0
A00-00085,0,US,Majority,32,61606.88,8.69,0.497,3.6,0,0,21904.81,personal,0,0.3996,0.3093300666123566,0
A00-00086,0,US,Minority,40,46461.3,8.62,0.21,6.83,0,0,25898.42,personal,0,0.5347,0.5263663251627991,0
A00-00087,0,US,Majority,34,74121.93,6.47,0.529,15.43,2,0,21822.09,auto,1,0.6147,0.6127016906935595,1
A00-00088,0,US,Majority,27,119503.16,13.26,0.445,5.09,1,0,25683.75,personal,1,0.7393,0.6563042752094591,1
A00-00089,0,US,Majority,35,78966.42,7.39,0.327,7.99,2,0,26565.44,auto,1,0.5575,0.5413580711102876,0
A00-00090,0,EU,Majority,43,66733.22,3.94,0.472,3.25,3,0,19547.22,personal,1,0.1882,0.15971658401454744,0
A00-00091,0,EU,Minority,37,48865.47,4.69,0.336,1.26,0,0,18111.01,personal,1,0.3409,0.25598261547476414,0
A00-00092,0,EU,Majority,23,42975.4,2.03,0.364,5.35,2,0,11877.38,personal,0,0.2332,0.18410573844470376,0
A00-00093,0,US,Majority,50,82440.1,6.88,0.265,6.7,1,0,30574.58,auto,1,0.6574,0.6480790993582315,1
A00-00094,0,US,Majority,21,81407.73,8.09,0.446,6.88,2,0,37075.48,personal,0,0.4084,0.4076512438784533,0
A00-00095,0,EU,Majority,34,59644.08,8.49,0.245,7.6,1,0,33342.77,personal,0,0.5049,0.5293662330061114,0
A00-00096,0,US,Majority,32,91553.35,7.65,0.324,1.91,2,0,38361.32,auto,1,0.4509,0.42526312231459024,0
A00-00097,0,US,Majority,41,68901.03,5.2,0.411,6.0,2,0,21313.97,auto,0,0.3977,0.3528495215609556,0
A00-00098,0,EU,Majority,45,83220.45,5.79,0.456,10.51,1,0,31096.14,personal,0,0.6071,0.6086205314968263,1
A00-00099,0,EU,Minority,51,67127.74,5.8,0.276,1.67,0,0,16737.46,home_improvement,1,0.5275,0.47534724022675484,0
A00-00100,0,US,Minority,31,58134.42,9.93,0.465,5.68,2,0,33039.27,auto,0,0.2923,0.2879288715075351,0
A00-00101,0,EU,Minority,45,43357.19,1.5,0.257,8.27,1,0,37754.82,home_improvement,0,0.3851,0.49211564737656094,0
A00-00102,0,US,Majority,41,65734.8,4.37,0.072,5.37,1,0,33166.16,personal,0,0.5631,0.5863803343497329,1
A00-00103,0,EU,Minority,21,77498.96,3.02,0.285,8.47,0,0,40358.6,auto,0,0.7024,0.6947815129484836,1
A00-00104,0,US,Minority,60,51845.43,16.22,0.475,1.02,0,0,21390.34,personal,0,0.3262,0.26587941981176944,0
A00-00105,0,US,Minority,23,69855.09,11.02,0.374,10.65,0,0,25141.49,personal,1,0.6981,0.6657901209995013,1
A00-00106,0,EU,Majority,44,47928.02,4.48,0.266,9.96,2,0,18726.26,personal,1,0.4056,0.42058397366278516,0
A00-00107,0,US,Majority,43,83321.11,2.32,0.337,8.72,1,0,28164.19,personal,1,0.6181,0.6028056176948653,1
A00-00108,0,EU,Majority,42,74445.89,2.77,0.333,13.0,1,0,26204.73,home_improvement,1,0.6941,0.7425770577928641,1
A00-00109,0,US,Minority,34,38659.9,9.86,0.45,5.78,2,0,26796.23,home_improvement,1,0.2015,0.23362240927311478,0
A00-00110,0,EU,Majority,48,64243.72,1.99,0.137,6.03,2,0,23210.29,personal,1,0.4552,0.46189217565501123,0
A00-00111,0,EU,Majority,22,86197.38,5.84,0.318,13.99,2,0,22898.06,personal,1,0.711,0.7121931904197858,1
A00-00112,0,US,Majority,38,44578.38,8.98,0.345,15.86,1,0,28950.15,personal,1,0.5817,0.6499050446310413,1
A00-00113,0,EU,Majority,33,48151.95,2.6,0.166,5.73,1,0,22902.33,auto,1,0.4699,0.44069305741009257,0
A00-00114,0,US,Majority,32,67179.56,5.8,0.165,8.05,1,0,18375.52,personal,1,0.6353,0.6022683114549658,1
A00-00115,0,US,Minority,44,102033.28,4.53,0.331,11.28,6,0,11068.94,auto,1,0.4405,0.4478448480340824,0
A00-00116,0,US,Minority,51,48721.02,4.18,0.376,6.79,0,0,21860.56,personal,1,0.4443,0.40711976499398506,0
A00-00117,0,EU,Minority,35,70910.21,3.75,0.376,9.48,2,0,13194.03,auto,0,0.5354,0.4743927904292039,0
A00-00118,0,EU,Majority,48,73442.57,9.39,0.263,11.62,2,0,21701.67,home_improvement,1,0.6472,0.7106050091842546,1
A00-00119,0,EU,Majority,40,57299.12,12.31,0.258,6.25,1,0,24597.17,personal,1,0.4901,0.4807788780433932,0
A00-00120,0,EU,Majority,29,71561.53,4.96,0.283,10.18,0,0,28777.06,home_improvement,0,0.7223,0.7442693418694319,1
A00-00121,0,EU,Majority,36,59991.14,7.13,0.366,8.48,0,0,21998.52,home_improvement,0,0.6004,0.5999326664781945,1
A00-00122,0,US,Majority,36,61701.71,5.88,0.479,3.63,2,0,45969.09,auto,0,0.2208,0.24056682361601756,0
A00-00123,0,EU,Majority,31,36935.83,1.65,0.064,4.54,1,0,14201.07,personal,1,0.3992,0.3564552719644966,0
A00-00124,0,EU,Majority,44,68035.71,4.84,0.405,5.89,0,0,33997.68,auto,1,0.5448,0.512314107272462,0
A00-00125,0,US,Majority,42,85582.78,1.42,0.317,12.21,1,0,26409.56,personal,1,0.7217,0.7217570399703336,1
A00-00126,0,EU,Majority,22,69591.09,4.3,0.393,12.35,1,1,21330.76,home_improvement,0,0.3595,0.4046250856588801,0
A00-00127,0,US,Majority,21,89219.65,5.71,0.472,11.5,1,0,28571.95,auto,1,0.7036,0.6667438600818213,1
A00-00128,0,US,Majority,44,79526.22,8.58,0.239,10.26,4,0,24642.83,auto,0,0.4917,0.5412754902279378,0
A00-00129,0,US,Majority,30,67368.72,6.77,0.443,10.15,0,0,17144.21,auto,0,0.6785,0.6004293023949304,1
A00-00130,0,US,Majority,42,56569.41,9.53,0.18,9.61,0,1,41588.38,personal,0,0.368,0.46832621470586594,0
A00-00131,0,US,Minority,48,52260.99,3.38,0.39,8.73,1,1,6817.12,auto,0,0.2386,0.20347813038121026,0
A00-00132,0,EU,Majority,25,40560.3,11.46,0.301,10.4,1,0,24467.82,home_improvement,1,0.4825,0.5411864515573065,0
A00-00133,0,EU,Majority,23,63425.5,12.32,0.336,2.88,1,0,26088.63,personal,0,0.3956,0.34094014315595933,0
A00-00134,0,US,Majority,57,71273.98,1.37,0.211,5.34,1,1,36188.45,personal,0,0.2382,0.2860817836311535,0
A00-00135,0,US,Majority,43,101093.0,1.91,0.382,4.38,1,0,25185.29,home_improvement,0,0.62,0.5883784254203837,1
A00-00136,0,US,Minority,34,71538.09,5.63,0.565,11.53,1,0,48911.12,personal,0,0.4485,0.5153403308382632,0
A00-00137,0,US,Majority,29,52067.77,4.11,0.213,15.12,2,0,30292.35,home_improvement,1,0.5817,0.7015064696225066,1
A00-00138,0,EU,Minority,33,34152.0,4.5,0.398,0.5,0,0,4973.96,personal,0,0.2462,0.1477244999876006,0
A00-00139,0,US,Majority,26,64575.51,6.74,0.433,14.76,0,0,16493.06,auto,1,0.7665,0.7243478895438914,1
A00-00140,0,EU,Majority,49,83923.52,9.74,0.294,8.85,0,0,31226.41,auto,1,0.7824,0.7730255040020513,1
A00-00141,0,EU,Majority,30,64308.29,3.26,0.493,12.55,1,0,14624.76,personal,0,0.5509,0.49600607191705637,0
A00-00142,0,EU,Minority,51,71797.7,10.64,0.323,9.13,2,0,29368.28,personal,0,0.5067,0.5461107253826656,0
A00-00143,0,EU,Majority,35,65058.62,3.71,0.316,14.26,0,0,22770.71,personal,1,0.7506,0.7462678445630826,1
A00-00144,0,US,Majority,28,82123.01,17.42,0.211,9.34,1,0,18397.75,auto,0,0.8002,0.7694534595309508,1
A00-00145,0,EU,Majority,34,38152.1,11.51,0.345,3.05,1,0,18536.06,personal,0,0.2653,0.2238818365148752,0
A00-00146,0,EU,Majority,21,98979.46,3.95,0.33,8.08,1,1,31278.77,personal,1,0.4214,0.4131993186025553,0
A00-00147,0,EU,Majority,38,47362.81,2.36,0.406,10.56,4,0,8392.54,auto,0,0.2389,0.22739511852870192,0
A00-00148,0,EU,Majority,37,83580.91,3.89,0.254,7.64,0,0,40137.4,home_improvement,1,0.7151,0.7579017362307083,1
A00-00149,0,EU,Majority,48,63328.5,3.56,0.248,11.13,0,0,32835.86,personal,1,0.6829,0.7116174746398699,1
A00-00150,0,EU,Minority,21,59299.27,7.99,0.43,6.84,1,0,25950.3,auto,0,0.4416,0.38950065046898324,0
A00-00151,0,US,Minority,52,56919.06,1.39,0.543,4.72,1,0,13692.91,home_improvement,1,0.2956,0.25756581418903524,0
A00-00152,0,EU,Majority,48,73356.49,1.93,0.405,4.16,2,0,32987.36,auto,0,0.3378,0.3255883373676562,0
A00-00153,0,EU,Majority,53,77192.97,7.87,0.552,6.93,4,0,22148.74,home_improvement,0,0.2257,0.2613208719100566,0
A00-00154,0,US,Majority,38,88608.87,3.47,0.397,9.32,0,0,17573.9,auto,0,0.7766,0.7014496961373576,1
A00-00155,0,EU,Majority,50,95251.03,4.33,0.392,0.66,4,0,47881.42,auto,0,0.2114,0.24339330096785872,0
A00-00156,0,US,Majority,23,74804.61,8.96,0.412,5.38,3,0,16729.22,auto,1,0.3587,0.2957224039980162,0
A00-00157,0,EU,Majority,47,101059.81,9.98,0.509,0.51,0,0,18038.33,personal,1,0.5838,0.4294574683262178,0
A00-00158,0,US,Minority,31,63266.48,11.21,0.524,4.63,0,0,25554.14,auto,0,0.4691,0.38076804814567317,0
A00-00159,0,US,Minority,21,81971.37,8.54,0.245,11.89,3,0,24692.76,auto,1,0.6383,0.6528459404600458,1
A00-00160,0,EU,Majority,27,76645.67,5.1,0.426,3.76,0,0,39866.07,personal,0,0.473,0.4328078523554427,0
A00-00161,0,US,Minority,39,51065.11,4.85,0.407,9.91,3,0,22845.85,personal,0,0.2609,0.28315557344858927,0
A00-00162,0,US,Majority,30,71943.45,4.51,0.307,19.9,0,0,22483.22,auto,1,0.8902,0.895504268146554,1
A00-00163,0,US,Majority,43,78060.27,2.6,0.117,14.31,1,0,27960.49,personal,1,0.8074,0.8375027257673617,1
A00-00164,0,US,Majority,21,67888.24,3.18,0.145,9.03,2,0,25861.2,personal,0,0.5513,0.5598160976547951,1
A00-00165,0,EU,Majority,21,76344.27,10.41,0.286,11.93,0,0,26785.39,personal,1,0.7871,0.7733934626046093,1
A00-00166,0,EU,Minority,54,77941.9,3.69,0.199,1.62,1,0,26326.6,personal,0,0.4882,0.446823008962344,0
A00-00167,0,US,Minority,49,61055.91,2.61,0.334,0.81,1,0,25993.81,auto,1,0.3291,0.27425314865371964,0
A00-00168,0,EU,Majority,27,18000.0,10.89,0.416,8.61,0,0,20938.2,personal,1,0.3153,0.2944398589184291,0
A00-00169,0,US,Minority,39,93387.13,6.5,0.305,8.69,1,0,32762.85,personal,0,0.6992,0.697107247295448,1
A00-00170,0,EU,Majority,50,62845.76,1.13,0.34,12.88,1,0,25645.31,personal,1,0.5943,0.6199970386280418,1
A00-00171,0,US,Majority,44,52857.68,13.81,0.202,6.22,0,0,31133.2,home_improvement,0,0.5958,0.6504410806090797,1
A00-00172,0,US,Majority,41,47141.9,13.01,0.366,9.27,0,0,37115.19,home_improvement,1,0.527,0.6124860331164929,1
A00-00173,0,US,Minority,51,55107.53,2.77,0.436,7.74,0,0,18164.34,personal,0,0.48,0.4211677193135372,0
A00-00174,0,EU,Majority,31,57807.79,5.42,0.159,7.97,0,0,43536.93,personal,1,0.6014,0.6510868181148851,1
A00-00175,0,US,Majority,39,54496.82,3.03,0.24,8.21,2,0,20351.79,personal,1,0.4052,0.4053076593992966,0
A00-00176,0,US,Majority,39,55539.6,3.01,0.178,5.08,0,0,18880.14,personal,1,0.5572,0.4970786216411429,0
A00-00177,0,EU,Minority,36,71565.11,4.43,0.436,8.22,0,0,30059.46,auto,1,0.6179,0.5732038167992332,1
A00-00178,0,EU,Minority,35,100076.91,8.13,0.395,7.88,1,0,30833.94,auto,1,0.7241,0.6874778234934958,1
A00-00179,0,US,Minority,40,77090.86,8.15,0.369,5.34,0,0,29606.25,auto,1,0.6346,0.5789930592926259,1
A00-00180,0,EU,Minority,39,82829.37,7.59,0.36,9.76,3,0,33266.17,home_improvement,0,0.4739,0.5683944247369541,1
A00-00181,0,EU,Minority,27,54329.21,5.09,0.414,11.21,1,0,25616.8,home_improvement,1,0.4947,0.5352704238499535,0
A00-00182,0,US,Majority,48,70488.64,8.4,0.371,11.21,2,0,42523.7,personal,1,0.4787,0.5752340025657665,1
A00-00183,0,EU,Majority,28,76603.17,2.59,0.271,4.33,2,0,26960.92,auto,1,0.4533,0.40887714845282624,0
A00-00184,0,US,Minority,37,48968.4,6.56,0.299,7.5,0,0,20601.75,personal,0,0.5232,0.48125175119464125,0
A00-00185,0,EU,Majority,36,60411.13,5.82,0.323,4.85,0,0,19175.24,auto,1,0.5595,0.46897018664885326,0
A00-00186,0,US,Majority,43,84736.49,4.91,0.307,8.89,0,0,29747.07,personal,1,0.7342,0.7163468992565729,1
A00-00187,0,EU,Majority,21,89215.56,6.71,0.577,4.87,1,0,31462.84,personal,0,0.4354,0.36032236460281886,0
A00-00188,0,US,Minority,49,62780.8,1.3,0.329,12.21,2,0,30685.59,personal,1,0.4757,0.5372405263914509,0
A00-00189,0,US,Majority,32,45792.01,3.07,0.365,11.63,2,0,16275.71,personal,0,0.3808,0.376135865791459,0
A00-00190,0,EU,Minority,52,55883.75,7.76,0.431,11.71,1,0,36859.68,personal,0,0.4708,0.538965636606532,0
A00-00191,0,US,Majority,34,41114.71,5.73,0.498,12.71,0,0,42436.83,auto,1,0.4776,0.5312774766496371,0
A00-00192,0,EU,Majority,38,69928.85,2.06,0.233,7.42,1,0,25391.3,personal,0,0.5635,0.5447647094639484,0
A00-00193,0,EU,Minority,60,66352.66,5.65,0.536,5.4,1,0,43524.2,home_improvement,0,0.3145,0.3886337721304689,0
A00-00194,0,EU,Majority,36,63356.5,4.13,0.312,15.47,0,0,34005.38,personal,0,0.746,0.7828627151480836,1
A00-00195,0,US,Majority,53,73092.51,10.55,0.63,7.84,2,0,43111.36,home_improvement,0,0.3021,0.39101347204543985,0
A00-00196,0,EU,Majority,39,76421.12,2.72,0.374,3.08,1,0,29201.13,personal,1,0.4069,0.35614801815358504,0
A00-00197,0,US,Minority,44,66380.38,2.78,0.228,11.13,1,0,26340.66,personal,1,0.6384,0.6580507917287476,1
A00-00198,0,US,Majority,40,45670.92,7.2,0.306,9.08,1,0,31635.72,personal,0,0.4175,0.45540423642695255,0
A00-00199,0,EU,Majority,48,63687.98,5.21,0.49,14.52,1,0,24067.98,personal,1,0.5835,0.6006605969179879,1
A00-00200,0,EU,Minority,31,69287.02,5.06,0.385,8.07,2,0,31035.48,personal,0,0.3973,0.40435300743566127,0
A00-00201,0,US,Minority,28,91495.52,17.48,0.368,7.02,3,0,41812.4,auto,1,0.5045,0.5488798175664454,0
A00-00202,0,US,Majority,32,63333.41,8.28,0.416,14.6,1,0,33200.88,personal,1,0.614,0.6599973971408767,1
A00-00203,0,EU,Majority,40,78965.96,4.68,0.289,2.35,1,0,25504.87,personal,0,0.4708,0.4082343776779352,0
A00-00204,0,EU,Majority,37,85184.89,1.87,0.305,6.16,1,0,25280.67,personal,1,0.5879,0.5383365072225694,0
A00-00205,0,US,Majority,47,64764.07,4.52,0.217,4.95,1,0,34585.06,auto,1,0.5066,0.5142857260213899,0
A00-00206,0,EU,Majority,53,90319.75,2.53,0.537,0.5,1,0,29833.11,personal,0,0.3394,0.2681842696758272,0
A00-00207,0,US,Majority,28,91341.3,3.19,0.183,11.99,1,0,32129.16,personal,1,0.7945,0.8064050752792596,1
A00-00208,0,US,Majority,31,94727.31,3.26,0.35,6.27,0,0,32221.38,personal,1,0.6993,0.6480535562848004,1
A00-00209,0,EU,Majority,23,77210.21,10.09,0.388,12.12,0,0,21891.55,auto,1,0.794,0.7530437571337646,1
A00-00210,0,EU,Minority,61,106342.61,2.18,0.373,8.66,1,0,18074.78,auto,0,0.7822,0.7294766125816344,1
A00-00211,0,US,Majority,42,56809.62,9.53,0.18,10.93,0,0,30371.77,personal,1,0.7062,0.7348030584335101,1
A00-00212,0,US,Majority,44,108857.47,7.39,0.21,6.68,0,0,31560.26,auto,1,0.8629,0.838652968448623,1
A00-00213,0,US,Minority,24,76097.69,7.33,0.438,4.04,2,0,34728.88,personal,0,0.3149,0.29546572547695826,0
A00-00214,0,EU,Minority,39,86967.36,3.11,0.281,7.46,2,0,23608.0,personal,1,0.5631,0.5393484171315382,0
A00-00215,0,US,Minority,45,55419.28,8.83,0.126,10.78,1,0,25860.76,auto,1,0.6857,0.7152532284893697,1
A00-00216,0,US,Majority,36,84545.02,2.88,0.376,8.3,2,0,13557.67,auto,1,0.5868,0.5081571402961516,0
A00-00217,0,EU,Majority,51,95612.51,12.43,0.225,5.69,1,0,16521.66,personal,0,0.7434,0.6919901417711782,1
A00-00218,0,US,Minority,64,40840.19,10.22,0.451,2.3,2,0,24676.21,auto,1,0.174,0.1666627291648263,0
A00-00219,0,EU,Majority,29,65396.8,13.62,0.306,9.32,0,0,37786.75,personal,1,0.6564,0.6776545363760017,1
A00-00220,0,US,Majority,28,27816.2,5.84,0.3,6.28,1,0,26600.5,auto,0,0.2957,0.2876506311157795,0
A00-00221,0,EU,Majority,29,65111.67,5.21,0.336,8.21,1,0,39808.24,auto,0,0.5162,0.5375626076582081,0
A00-00222,0,US,Majority,57,52995.84,4.45,0.193,7.54,0,1,24753.35,auto,0,0.3502,0.3718967549666694,0
A00-00223,0,US,Minority,50,57362.41,17.27,0.276,5.32,3,0,24211.82,personal,0,0.3033,0.3325077848554047,0
A00-00224,0,US,Majority,38,124049.22,8.08,0.299,9.68,0,0,20903.58,personal,1,0.9089,0.875799654311649,1
A00-00225,0,EU,Minority,39,94138.27,2.55,0.238,9.32,1,0,24952.09,personal,1,0.748,0.7271183679024916,1
A00-00226,0,EU,Majority,30,41150.5,11.64,0.416,16.36,0,0,14762.92,personal,1,0.6733,0.6644204662508894,1
A00-00227,0,US,Majority,49,79059.03,5.09,0.293,11.53,0,0,14921.37,personal,1,0.7932,0.7583418400986014,1
A00-00228,0,US,Majority,35,83679.69,0.79,0.156,14.87,1,0,21182.1,auto,1,0.8544,0.8540237574800049,1
A00-00229,0,EU,Majority,36,62079.96,3.56,0.263,5.23,0,0,28723.63,auto,1,0.576,0.5293452523020316,0
A00-00230,0,US,Majority,46,71887.84,10.22,0.342,2.1,1,0,23628.62,auto,0,0.466,0.39700805661544675,0
A00-00231,0,US,Majority,37,73743.66,7.41,0.276,8.44,1,0,20148.18,auto,1,0.67,0.628391133570993,1
A00-00232,0,EU,Minority,36,35914.38,8.25,0.423,10.53,0,0,30051.02,personal,0,0.4311,0.4467157154679933,0
A00-00233,0,US,Majority,39,48904.74,11.57,0.399,11.3,3,0,11327.61,personal,0,0.338,0.33954742208213096,0
A00-00234,0,US,Minority,48,64773.64,1.64,0.663,11.95,1,0,23910.11,personal,0,0.41,0.3867875140745403,0
A00-00235,0,US,Minority,57,63388.65,3.58,0.513,0.5,1,0,32973.88,auto,0,0.2414,0.20573177017687772,0
A00-00236,0,US,Majority,45,55037.31,5.91,0.134,13.51,0,0,32298.76,personal,1,0.7525,0.7991641230538793,1
A00-00237,0,US,Minority,48,46406.85,10.39,0.332,8.44,1,1,30927.58,personal,0,0.1801,0.22599959284035426,0
A00-00238,0,EU,Majority,37,66794.19,2.86,0.298,2.32,1,0,23137.17,personal,0,0.3853,0.32255130872303617,0
A00-00239,0,EU,Majority,31,85336.87,4.67,0.399,11.39,1,0,22374.71,auto,1,0.724,0.6838873478284113,1
A00-00240,0,US,Minority,46,60046.77,5.69,0.263,7.78,1,0,24037.68,home_improvement,1,0.5339,0.5747275806877927,1
A00-00241,0,EU,Minority,41,92331.89,3.47,0.311,8.62,3,0,38963.24,home_improvement,0,0.4967,0.6000650540645638,1
A00-00242,0,US,Majority,23,55279.41,5.66,0.181,12.5,1,0,30161.54,personal,1,0.6328,0.6716595294327945,1
A00-00243,0,EU,Majority,35,72169.09,5.19,0.258,10.22,2,0,25811.86,auto,1,0.601,0.6077886950554561,1
A00-00244,0,US,Majority,38,61768.39,4.07,0.262,2.61,2,0,29801.61,personal,0,0.2857,0.2772938089792317,0
A00-00245,0,EU,Minority,33,72671.26,8.82,0.337,6.53,1,1,28844.79,auto,1,0.2941,0.2939342241304167,0
A00-00246,0,US,Majority,55,53649.83,7.93,0.188,2.03,2,0,29496.59,personal,0,0.2809,0.2974717870372139,0
A00-00247,0,US,Majority,44,105120.56,9.04,0.448,11.1,0,0,25550.16,personal,1,0.8307,0.8001021180091533,1
A00-00248,0,US,Majority,54,36378.36,9.49,0.387,14.09,0,0,20135.57,personal,1,0.5802,0.6040689490628687,1
A00-00249,0,US,Majority,42,101094.12,13.2,0.156,3.53,0,0,41518.17,personal,0,0.7783,0.7754130910877404,1
A00-00250,0,US,Majority,40,70209.78,2.0,0.333,5.81,0,0,8942.39,home_improvement,1,0.6244,0.5487556123203943,0
A00-00251,0,EU,Minority,29,71996.07,2.17,0.187,3.57,0,0,28547.67,personal,1,0.5878,0.5301958000247513,0
A00-00252,0,EU,Majority,39,93855.97,8.39,0.491,6.68,0,0,19917.22,home_improvement,0,0.7039,0.6517849809345273,1
A00-00253,0,US,Majority,39,84795.57,4.31,0.524,10.15,1,0,7855.92,personal,1,0.6252,0.5179056808158073,0
A00-00254,0,EU,Majority,24,54629.49,3.97,0.323,6.73,0,0,19867.61,personal,0,0.5151,0.44189172849295427,0
A00-00255,0,EU,Minority,33,72901.7,3.6,0.273,9.71,1,0,29594.92,auto,1,0.6565,0.6507390950259164,1
A00-00256,0,EU,Minority,35,96982.01,9.22,0.295,11.36,2,1,28788.61,auto,1,0.4969,0.5358026055621508,0
A00-00257,0,EU,Majority,44,51641.46,16.66,0.276,12.91,0,0,32864.33,home_improvement,0,0.717,0.7966904429664863,1
A00-00258,0,EU,Majority,44,108750.14,9.46,0.317,4.03,0,0,38923.14,auto,1,0.7821,0.7487281717492928,1
A00-00259,0,US,Majority,33,75828.35,4.19,0.494,14.04,1,0,14080.01,auto,0,0.7032,0.6483498791696801,1
A00-00260,0,EU,Majority,44,60268.67,8.95,0.445,14.36,2,0,30228.59,personal,0,0.4903,0.5574740460442327,1
A00-00261,0,EU,Minority,37,44527.5,2.12,0.492,13.31,2,0,33498.32,home_improvement,0,0.3194,0.424477748807143,0
A00-00262,0,US,Majority,21,64257.55,0.66,0.35,7.87,2,0,25969.52,auto,0,0.4148,0.38545548411575525,0
A00-00263,0,US,Majority,34,31349.71,4.98,0.192,5.49,0,0,27705.83,auto,0,0.4343,0.4181931966704069,0
A00-00264,0,US,Minority,51,53610.36,1.65,0.283,3.16,1,0,10610.6,auto,0,0.4028,0.3138776557825865,0
A00-00265,0,EU,Majority,21,63504.38,4.31,0.337,4.09,1,0,19049.62,personal,1,0.4058,0.3241097888393272,0
A00-00266,0,US,Majority,40,48086.14,6.3,0.186,8.55,1,0,35505.57,home_improvement,1,0.4912,0.5956203436434641,1
A00-00267,0,EU,Majority,56,82709.06,18.38,0.366,11.89,2,0,23123.72,auto,1,0.7125,0.7311491362514044,1
A00-00268,0,EU,Majority,31,64343.44,10.86,0.427,13.73,0,0,46305.55,home_improvement,1,0.6774,0.7739648419553846,1
A00-00269,0,EU,Majority,39,56419.9,1.67,0.395,6.56,0,0,14922.61,auto,1,0.5287,0.4284774836103192,0
A00-00270,0,US,Majority,25,62318.66,1.8,0.391,8.35,1,0,41860.08,personal,1,0.4045,0.43310816011016207,0
A00-00271,0,EU,Majority,57,75247.04,3.49,0.106,8.08,2,0,24108.34,auto,1,0.6436,0.6613286691528931,1
A00-00272,0,EU,Majority,38,69891.2,14.57,0.49,5.96,2,0,33735.24,auto,0,0.373,0.37154470775527454,0
A00-00273,0,US,Majority,40,55181.47,1.73,0.142,11.44,1,0,24169.11,personal,0,0.6238,0.650484884858637,1
A00-00274,0,EU,Minority,54,63887.42,3.62,0.357,8.55,0,0,28094.17,auto,0,0.6224,0.6038113772094738,1
A00-00275,0,US,Majority,46,67537.16,3.61,0.404,9.07,0,0,28683.99,auto,1,0.6307,0.6028464494675978,1
A00-00276,0,EU,Majority,29,46850.18,7.19,0.373,9.93,1,0,19780.4,home_improvement,0,0.4621,0.48536613520128546,0
A00-00277,0,US,Majority,32,63018.41,9.08,0.177,10.96,1,0,32581.47,home_improvement,1,0.6716,0.7484300921209097,1
A00-00278,0,US,Minority,44,72507.43,7.98,0.243,9.52,4,1,27246.65,personal,0,0.1581,0.22038452190766777,0
A00-00279,0,US,Minority,32,72370.63,6.62,0.409,3.75,0,0,30920.26,personal,0,0.4865,0.4231454064001094,0
A00-00280,0,US,Majority,21,64130.68,2.06,0.391,12.09,1,0,3000.0,personal,0,0.6187,0.517165352276714,0
A00-00281,0,US,Majority,38,81358.68,6.02,0.197,9.52,2,0,27008.83,auto,1,0.6715,0.6799757432046152,1
A00-00282,0,EU,Majority,23,49880.85,11.76,0.377,6.76,1,1,36791.23,home_improvement,0,0.1596,0.21861230464784895,0
A00-00283,0,US,Majority,57,50469.23,13.98,0.148,9.44,1,0,28986.65,auto,1,0.6296,0.681406687710453,1
A00-00284,0,US,Majority,41,63726.16,7.08,0.405,9.88,1,0,32967.76,home_improvement,0,0.5155,0.5845598367373953,1
A00-00285,0,EU,Majority,29,96953.76,1.68,0.224,12.83,3,0,32063.57,auto,0,0.7078,0.7417165669428076,1
A00-00286,0,EU,Majority,31,71601.78,7.15,0.34,4.32,2,0,39813.35,auto,0,0.3718,0.38184183667296057,0
A00-00287,0,US,Majority,21,63268.05,5.18,0.32,13.8,2,0,29731.47,home_improvement,0,0.5675,0.6536075704801698,1
A00-00288,0,EU,Majority,27,97838.62,1.89,0.469,8.59,0,0,22923.52,personal,0,0.7263,0.6401987498289449,1
A00-00289,0,US,Majority,50,63048.17,2.75,0.359,6.48,1,0,33987.66,personal,1,0.4043,0.41806308678470305,0
A00-00290,0,EU,Minority,64,103959.93,3.11,0.303,4.95,0,0,35840.48,personal,1,0.7328,0.7145123015062478,1
A00-00291,0,US,Majority,47,58785.62,8.41,0.373,4.49,1,0,31187.0,personal,0,0.3557,0.3499013239732619,0
A00-00292,0,EU,Minority,38,42277.15,13.65,0.632,0.5,0,0,23391.19,auto,1,0.2184,0.1513542620452912,0
A00-00293,0,EU,Majority,34,65339.12,7.68,0.419,11.21,2,0,28096.35,personal,0,0.4546,0.4781541836913088,0
A00-00294,0,EU,Minority,28,56767.4,8.57,0.368,15.02,1,0,35929.86,personal,1,0.6039,0.6690561504813204,1
A00-00295,0,EU,Minority,62,46153.32,5.41,0.275,0.63,1,0,28996.37,personal,0,0.2417,0.2351320991778102,0
A00-00296,0,EU,Minority,37,110937.51,3.93,0.301,3.3,0,0,18569.77,personal,1,0.7734,0.6647068502745517,1
A00-00297,0,US,Minority,62,67553.9,7.81,0.457,10.11,6,0,20865.95,personal,0,0.1464,0.19467252768977403,0
A00-00298,0,EU,Minority,54,70320.74,6.67,0.269,6.92,2,0,22408.4,home_improvement,0,0.4892,0.5365873648016201,0
A00-00299,0,EU,Majority,21,59724.29,3.3,0.33,11.84,1,0,18020.34,auto,1,0.6272,0.5849228034901549,1
A00-00300,0,EU,Minority,32,50524.28,6.41,0.548,6.69,2,0,7998.44,auto,0,0.2778,0.20267623751424146,0
A00-00301,0,US,Majority,32,87985.61,5.62,0.348,6.18,0,0,46674.73,personal,1,0.6346,0.6420419427852294,1
A00-00302,0,US,Majority,38,36659.01,4.64,0.201,7.6,0,0,17491.91,personal,1,0.5,0.4663728290108921,0
A00-00303,0,EU,Majority,38,46785.58,3.84,0.591,0.5,1,0,19145.83,auto,0,0.1686,0.11162952998118286,0
A00-00304,0,US,Minority,70,56801.14,7.08,0.586,2.53,3,0,10351.18,personal,0,0.1313,0.10473385634129401,0
A00-00305,0,US,Majority,27,94169.9,4.01,0.39,12.29,1,0,37330.2,personal,0,0.7213,0.7345099812823191,1
A00-00306,0,US,Majority,42,61384.18,16.67,0.483,13.27,3,0,24377.87,auto,0,0.452,0.49845672993379936,0
A00-00307,0,EU,Majority,46,76406.88,7.53,0.298,14.12,1,0,24806.77,auto,1,0.7819,0.7936977391186204,1
A00-00308,0,US,Majority,39,69026.84,7.15,0.417,10.26,1,0,23339.67,home_improvement,1,0.5794,0.6048381061424754,1
A00-00309,0,US,Majority,40,93128.91,5.06,0.279,0.5,1,0,31637.29,personal,0,0.5047,0.44221374707458927,0
A00-00310,0,US,Majority,28,38390.26,4.39,0.167,5.96,1,0,20744.13,auto,0,0.4273,0.3968720206247259,0
A00-00311,0,EU,Majority,40,82483.3,1.39,0.641,13.8,1,0,9458.13,personal,0,0.6213,0.5336278416130155,0
A00-00312,0,EU,Majority,45,64720.92,3.45,0.161,14.99,0,1,12189.37,auto,1,0.6591,0.6649921624461781,1
A00-00313,0,US,Majority,43,86072.8,1.66,0.366,13.95,1,0,17967.05,home_improvement,1,0.7712,0.7852958178473833,1
A00-00314,0,US,Majority,45,52933.64,1.64,0.364,7.55,1,0,28433.32,auto,0,0.4182,0.4097938953147339,0
A00-00315,0,EU,Majority,55,68963.47,2.47,0.392,3.27,1,0,31853.96,personal,0,0.3484,0.3293672951405379,0
A00-00316,0,US,Majority,49,66552.37,11.07,0.319,8.34,2,1,37198.41,auto,0,0.2261,0.29575623269740475,0
A00-00317,0,EU,Minority,40,42453.73,11.04,0.365,7.16,2,0,11697.47,auto,0,0.3419,0.3023580478743025,0
A00-00318,0,US,Majority,26,44172.15,3.51,0.347,14.76,0,0,30560.49,home_improvement,1,0.6301,0.7008724347808739,1
A00-00319,0,EU,Minority,32,50472.18,2.02,0.433,8.01,3,0,21423.16,auto,0,0.2359,0.22618475610083366,0
A00-00320,0,US,Minority,37,63968.69,4.27,0.375,7.17,2,0,50978.95,home_improvement,0,0.3137,0.44194122987401674,0
A00-00321,0,EU,Majority,42,54118.67,8.36,0.322,8.79,2,0,39331.27,personal,1,0.35,0.4257267081712304,0
A00-00322,0,US,Majority,34,62228.6,9.81,0.171,10.1,1,0,37948.1,auto,1,0.6618,0.7113762978490985,1
A00-00323,0,EU,Majority,29,32669.85,6.35,0.572,11.01,3,0,31824.02,personal,1,0.1366,0.16805975003373966,0
A00-00324,0,EU,Minority,26,54457.65,7.03,0.439,4.2,1,0,28269.43,auto,0,0.3314,0.2836194122851821,0
A00-00325,0,EU,Majority,21,87948.15,6.63,0.355,4.27,1,0,22276.67,home_improvement,0,0.5802,0.5319894471179868,0
A00-00326,0,US,Minority,36,74898.43,1.75,0.3,12.58,1,0,24973.5,auto,1,0.7218,0.7156169739793568,1
A00-00327,0,US,Majority,23,66848.48,2.17,0.21,1.94,0,0,21973.53,auto,0,0.5625,0.4521509838960417,0
A00-00328,0,EU,Majority,28,73129.4,13.96,0.433,15.05,0,0,29592.9,personal,1,0.7792,0.7868162284194455,1
A00-00329,0,EU,Majority,35,52763.05,6.34,0.311,0.86,1,0,36566.48,personal,0,0.2511,0.24118456105749722,0
A00-00330,0,US,Minority,24,92364.33,1.13,0.45,4.76,2,0,27977.48,auto,0,0.4563,0.3819020669692728,0
A00-00331,0,US,Majority,43,107787.49,7.28,0.168,12.39,1,0,18684.84,personal,0,0.8895,0.8792223068692571,1
A00-00332,0,US,Minority,47,64631.65,3.01,0.561,7.1,0,0,16389.65,personal,0,0.4612,0.36758969436717703,0
A00-00333,0,EU,Minority,33,110723.03,10.26,0.483,1.83,1,1,28150.45,auto,1,0.3384,0.2680536519454764,0
A00-00334,0,EU,Majority,34,55576.53,9.64,0.32,10.21,1,0,35736.6,auto,0,0.5488,0.5871905156542608,1
A00-00335,0,EU,Majority,45,44729.49,8.1,0.386,8.77,3,0,34075.49,personal,0,0.2078,0.2671188387789322,0
A00-00336,0,EU,Majority,31,55017.15,6.29,0.419,7.64,2,0,37674.07,personal,1,0.2771,0.31100238773877176,0
A00-00337,0,US,Minority,30,57329.68,11.68,0.215,4.6,2,0,27612.97,personal,0,0.3684,0.37140952910399877,0
A00-00338,0,US,Majority,52,112429.26,12.35,0.531,8.36,1,0,28613.16,auto,1,0.7573,0.7165006041428922,1
A00-00339,0,US,Minority,49,56157.98,3.06,0.433,4.77,0,1,39062.34,home_improvement,0,0.1609,0.2080261019900426,0
A00-00340,0,EU,Majority,46,52166.54,8.05,0.246,18.24,3,0,14882.06,personal,0,0.5929,0.6694571601182471,1
A00-00341,0,US,Minority,49,44429.28,3.87,0.243,6.14,0,0,22073.72,personal,0,0.4717,0.44576097662733777,0
A00-00342,0,US,Minority,21,83160.42,2.77,0.493,5.6,1,0,39221.96,home_improvement,0,0.4414,0.4547451709988406,0
A00-00343,0,US,Majority,54,87448.73,12.35,0.355,6.33,1,0,19198.89,personal,1,0.6445,0.5952805333694678,1
A00-00344,0,US,Minority,43,52275.91,8.8,0.433,14.21,1,0,24218.69,auto,0,0.5954,0.6150242419003372,1
A00-00345,0,EU,Minority,50,25860.1,6.6,0.378,0.54,2,0,30128.84,personal,0,0.0927,0.09586620741106996,0
A00-00346,0,US,Minority,43,40056.72,3.27,0.255,8.54,1,0,26789.8,home_improvement,0,0.4099,0.4789383672267262,0
A00-00347,0,US,Majority,40,101203.63,12.55,0.391,7.54,2,0,41682.81,auto,1,0.6355,0.6583865849893772,1
A00-00348,0,EU,Majority,36,81587.35,2.98,0.306,2.81,1,0,43462.84,personal,0,0.4325,0.43419837468610106,0
A00-00349,0,US,Majority,43,69743.77,2.53,0.327,5.22,1,1,28760.08,personal,0,0.2025,0.20724505011325672,0
A00-00350,0,US,Majority,36,104007.83,5.63,0.615,9.77,1,0,36157.17,personal,0,0.6179,0.5915908637045484,1
A00-00351,0,US,Majority,49,105708.2,8.36,0.434,5.04,1,0,15619.13,personal,1,0.6718,0.5694809567059683,1
A00-00352,0,EU,Majority,22,67817.15,4.54,0.441,9.54,0,0,26546.18,personal,1,0.5916,0.5403799663612443,0
A00-00353,0,US,Majority,33,68166.14,35.0,0.656,15.42,1,0,44718.1,auto,0,0.6731,0.7474129580613745,1
A00-00354,0,EU,Majority,61,57441.11,6.23,0.376,9.18,2,0,44111.15,auto,0,0.3707,0.46809422755659585,0
A00-00355,0,EU,Majority,32,63092.54,3.86,0.344,2.69,0,0,18233.3,personal,1,0.4562,0.35066085184007006,0
A00-00356,0,EU,Minority,36,33259.83,4.15,0.293,3.71,0,0,23383.65,personal,0,0.3143,0.27527192328923245,0
A00-00357,0,US,Minority,29,33182.66,14.85,0.321,5.96,0,0,25096.8,home_improvement,0,0.4177,0.4396504922572548,0
A00-00358,0,EU,Majority,43,35769.48,5.31,0.084,7.09,0,0,28415.02,personal,0,0.5196,0.5451717522883225,0
A00-00359,0,US,Majority,31,89102.4,12.1,0.425,9.11,0,0,37665.66,auto,0,0.7549,0.7391689305389001,1
A00-00360,0,US,Minority,37,31833.36,1.59,0.223,8.35,1,0,39988.77,auto,0,0.3531,0.4174471849093495,0
A00-00361,0,US,Majority,48,105549.28,10.38,0.438,15.42,0,0,25609.57,auto,1,0.9075,0.8992146956939656,1
A00-00362,0,US,Majority,31,54622.82,3.37,0.325,8.49,0,0,37394.02,auto,1,0.5539,0.5587724174026034,1
A00-00363,0,US,Majority,48,101509.65,8.92,0.345,3.89,0,0,35428.46,home_improvement,0,0.719,0.720029351133787,1
A00-00364,0,US,Majority,48,61563.97,3.36,0.325,13.12,0,0,23767.66,personal,1,0.7011,0.7053860767442808,1
A00-00365,0,US,Majority,51,38742.45,4.34,0.496,13.55,0,0,8582.85,personal,1,0.5265,0.47949356557185185,0
A00-00366,0,US,Minority,41,85891.8,2.71,0.52,8.03,0,0,38207.85,personal,1,0.5842,0.561591721714992,1
A00-00367,0,EU,Majority,70,95135.45,9.02,0.327,7.51,0,0,28295.01,personal,1,0.768,0.7550084167308244,1
A00-00368,0,EU,Majority,51,51285.03,9.84,0.222,10.99,1,0,30826.73,personal,1,0.566,0.6300629785088356,1
A00-00369,0,US,Minority,43,55198.61,3.45,0.486,6.26,0,0,17581.6,personal,1,0.4193,0.33927998649179725,0
A00-00370,0,EU,Minority,29,44289.88,1.92,0.258,0.5,2,0,43772.0,auto,0,0.168,0.1819092077100297,0
A00-00371,0,US,Majority,38,66209.99,12.0,0.143,10.75,4,0,29406.47,personal,0,0.4316,0.5323812896851782,0
A00-00372,0,US,Majority,55,70548.75,3.73,0.39,12.07,1,0,19607.79,home_improvement,0,0.6418,0.6765811150199588,1
A00-00373,0,US,Majority,58,61823.72,5.14,0.476,14.26,2,0,16528.83,personal,1,0.4987,0.5167089730789168,0
A00-00374,0,US,Majority,55,33941.06,3.05,0.281,5.58,0,1,30715.61,auto,1,0.1663,0.18783756238599195,0
A00-00375,0,US,Majority,48,57463.29,8.52,0.379,9.4,1,0,30006.08,personal,1,0.4726,0.4977326824713393,0
A00-00376,0,US,Minority,25,74866.86,8.65,0.325,8.09,1,0,24512.07,personal,0,0.5958,0.5586883410295227,1
A00-00377,0,US,Majority,44,64530.91,13.13,0.417,8.84,1,0,30754.53,auto,1,0.5481,0.5528440646228886,1
A00-00378,0,US,Majority,25,62278.63,10.55,0.461,8.96,1,0,31506.2,personal,1,0.4517,0.4461956495131677,0
A00-00379,0,US,Minority,23,43815.25,10.14,0.343,7.25,1,0,26636.85,auto,0,0.4103,0.38991304716491565,0
A00-00380,0,US,Majority,42,56909.02,5.44,0.207,9.35,0,0,18360.35,auto,1,0.7074,0.6724702495159238,1
A00-00381,0,US,Minority,45,88270.01,5.03,0.2,10.06,0,0,34741.41,auto,1,0.832,0.8353829007364383,1
A00-00382,0,US,Minority,49,39844.23,8.45,0.486,11.98,1,0,30614.72,auto,0,0.4092,0.4491271916448821,0
A00-00383,0,US,Majority,44,82195.64,5.25,0.194,5.47,2,0,31193.41,home_improvement,0,0.5395,0.59639565596654,1
A00-00384,0,US,Majority,45,69394.05,10.76,0.375,7.81,4,0,19153.51,personal,1,0.2821,0.2963856805177001,0
A00-00385,0,US,Minority,28,66151.4,2.92,0.468,5.41,1,0,17360.51,home_improvement,0,0.4017,0.35436592200634975,0
A00-00386,0,US,Minority,38,47585.23,1.57,0.315,4.84,0,0,26159.05,personal,1,0.3966,0.35590786589997336,0
A00-00387,0,EU,Minority,22,54816.23,7.88,0.355,0.64,1,0,35883.43,personal,1,0.2453,0.21989981393350147,0
A00-00388,0,US,Majority,21,68391.32,4.04,0.45,8.6,1,0,38462.89,home_improvement,0,0.4567,0.5069146812230407,0
A00-00389,0,US,Minority,47,51607.33,2.62,0.278,9.02,2,1,28220.06,personal,0,0.1538,0.19773094326437154,0
A00-00390,0,US,Majority,31,74797.21,17.75,0.221,7.88,0,1,23637.61,home_improvement,1,0.525,0.5676351921652302,1
A00-00391,0,EU,Majority,49,77191.34,5.75,0.302,8.46,3,0,18474.06,auto,0,0.4921,0.48226474161251004,0
A00-00392,0,EU,Majority,51,109781.43,2.21,0.483,10.17,3,0,32202.61,home_improvement,1,0.5659,0.6277666809975784,1
A00-00393,0,EU,Minority,32,66785.61,3.73,0.568,12.74,1,0,26236.97,personal,0,0.5005,0.48534029131321166,0
A00-00394,0,EU,Majority,45,32167.39,4.77,0.318,6.82,1,0,32663.19,auto,0,0.3042,0.3293120251257094,0
A00-00395,0,US,Majority,32,90597.36,7.79,0.245,3.81,1,0,20870.33,personal,1,0.6346,0.5556877211716861,1
A00-00396,0,EU,Minority,21,57626.46,3.74,0.503,6.74,1,0,23511.86,personal,0,0.3342,0.27882349109870225,0
A00-00397,0,US,Majority,40,106726.58,5.19,0.13,16.03,0,0,41317.13,auto,1,0.9425,0.9544110180437084,1
A00-00398,0,EU,Majority,34,96447.56,6.74,0.36,3.86,2,0,39841.51,auto,0,0.5049,0.49166040233662867,0
A00-00399,0,US,Majority,34,58899.92,7.5,0.325,11.1,2,0,20630.21,auto,1,0.5273,0.5256109632649542,0
A00-00400,0,US,Majority,61,82216.15,5.43,0.485,13.13,2,0,35724.47,auto,0,0.5891,0.6470188559147388,1
A00-00401,0,EU,Minority,22,50214.85,14.72,0.542,0.5,1,0,16959.97,auto,0,0.2397,0.15726515838312083,0
A00-00402,0,US,Minority,43,61551.13,8.58,0.262,8.74,4,0,23468.18,personal,0,0.2936,0.34204166351954807,0
A00-00403,0,EU,Majority,28,81343.71,8.3,0.35,10.91,2,0,22886.92,personal,1,0.6052,0.5946990562857083,1
A00-00404,0,US,Minority,49,82647.0,8.12,0.307,6.03,0,0,23272.04,auto,1,0.7269,0.6697147930259585,1
A00-00405,0,EU,Minority,42,78508.91,10.8,0.34,4.51,2,1,29071.92,auto,0,0.217,0.22435690143985126,0
A00-00406,0,EU,Majority,43,69924.8,6.47,0.404,6.14,0,0,30682.33,personal,1,0.5362,0.5018442983744017,0
A00-00407,0,US,Minority,29,108685.05,2.88,0.335,5.79,1,0,35582.25,personal,1,0.6827,0.6450092875414833,1
A00-00408,0,EU,Majority,31,61564.61,7.29,0.353,7.29,1,0,21899.13,personal,1,0.4741,0.43349734159351844,0
A00-00409,0,EU,Minority,49,30963.19,7.84,0.49,5.14,1,0,28761.81,auto,1,0.2113,0.20548038284628964,0
A00-00410,0,EU,Majority,58,41620.71,11.77,0.512,7.12,1,0,24101.31,personal,0,0.2826,0.28143628828593326,0
A00-00411,0,US,Majority,44,96506.15,2.69,0.365,13.26,1,0,12424.13,auto,1,0.8318,0.7892611905552193,1
A00-00412,0,US,Majority,29,67043.59,3.15,0.344,3.64,2,0,28430.12,auto,1,0.3366,0.30001495561347824,0
A00-00413,0,EU,Minority,43,64522.09,5.87,0.242,0.5,0,0,28743.14,home_improvement,0,0.4667,0.4516214437273117,0
A00-00414,0,US,Majority,66,58192.05,8.26,0.52,13.33,1,0,19311.22,personal,0,0.5286,0.5420049758115095,0
A00-00415,0,US,Majority,40,59898.65,2.35,0.389,7.73,0,0,23237.79,home_improvement,1,0.541,0.5370143426284817,0
A00-00416,0,US,Majority,55,53545.18,2.74,0.346,6.95,2,0,20841.94,auto,1,0.3516,0.34142510692377553,0
A00-00417,0,EU,Minority,31,70451.87,9.42,0.385,6.66,1,0,26394.4,personal,0,0.4954,0.4593155658723988,0
A00-00418,0,US,Majority,39,66649.78,2.42,0.373,9.34,1,0,43294.23,personal,1,0.4664,0.5220112414969066,0
A00-00419,0,EU,Minority,46,69765.1,3.18,0.468,5.0,2,0,43650.26,personal,0,0.2517,0.2828006621329554,0
A00-00420,0,EU,Majority,43,74949.33,9.76,0.437,10.52,0,0,3000.0,personal,1,0.7372,0.6363588188644334,1
A00-00421,0,US,Majority,31,60408.3,8.19,0.523,4.65,0,0,30955.51,personal,1,0.3787,0.3249373225149396,0
A00-00422,0,US,Majority,30,40784.12,3.77,0.359,7.29,4,1,32161.71,personal,0,0.0419,0.06165999086225933,0
A00-00423,0,EU,Majority,50,39129.81,7.65,0.541,0.5,2,0,21743.62,home_improvement,1,0.1079,0.10534823250159558,0
A00-00424,0,US,Majority,52,126006.38,6.8,0.457,13.19,1,0,38648.21,personal,1,0.8537,0.8644545142281999,1
A00-00425,0,EU,Minority,56,89585.3,5.3,0.368,6.4,1,0,41655.33,personal,1,0.56,0.588447647029389,1
A00-00426,0,EU,Majority,59,93963.47,4.46,0.13,11.18,3,0,18700.98,auto,1,0.7404,0.7580964658782882,1
A00-00427,0,EU,Minority,40,48682.47,7.47,0.385,9.01,0,0,25560.01,home_improvement,1,0.5232,0.5527707707003011,1
A00-00428,0,US,Majority,36,68680.68,2.57,0.517,10.7,1,0,41179.74,home_improvement,1,0.4611,0.5434133869114488,0
A00-00429,0,EU,Minority,54,46008.11,7.42,0.282,7.07,0,0,15425.92,home_improvement,1,0.5406,0.5434333658378875,0
A00-00430,0,EU,Minority,47,36570.44,6.43,0.385,8.65,1,0,24584.33,home_improvement,0,0.3433,0.39774489575770583,0
A00-00431,0,US,Minority,28,50313.3,6.71,0.395,3.25,2,1,21268.39,personal,0,0.0796,0.07402318027440856,0
A00-00432,0,EU,Minority,28,86697.51,3.09,0.488,2.42,2,0,35776.24,auto,0,0.3313,0.28468256799934905,0
A00-00433,0,EU,Minority,44,77474.16,11.94,0.328,6.7,0,0,34082.74,personal,1,0.6552,0.6477585137485237,1
A00-00434,0,EU,Majority,37,50069.09,3.78,0.226,5.78,0,0,26730.12,home_improvement,1,0.5156,0.5355389924119672,0
A00-00435,0,US,Majority,39,62518.5,4.17,0.398,14.2,0,0,29283.86,personal,0,0.686,0.7012818509677429,1
A00-00436,0,US,Majority,51,82733.34,5.17,0.241,10.0,2,0,9327.9,auto,1,0.7068,0.6628133650170499,1
A00-00437,0,US,Majority,47,57651.54,8.18,0.11,5.63,0,0,38369.94,personal,1,0.5951,0.6330926814612434,1
A00-00438,0,US,Minority,54,63012.14,6.59,0.596,6.01,2,0,20113.97,home_improvement,0,0.2611,0.2632409369206465,0
A00-00439,0,US,Majority,21,76135.1,1.87,0.441,9.03,0,0,24267.47,personal,0,0.6237,0.550261268684965,1
A00-00440,0,EU,Minority,42,68927.68,5.7,0.601,6.83,0,0,36504.99,home_improvement,0,0.4377,0.4548184470487462,0
A00-00441,0,US,Majority,47,73328.76,6.0,0.435,9.59,1,0,28838.52,home_improvement,1,0.5591,0.6028015281344524,1
A00-00442,0,EU,Minority,22,49079.75,12.1,0.457,7.37,1,0,31930.85,personal,1,0.3393,0.33442453087283397,0
A00-00443,0,US,Majority,32,58031.48,4.72,0.374,2.94,1,0,30751.03,auto,1,0.3388,0.2975424783663016,0
A00-00444,0,US,Majority,30,46960.65,7.77,0.308,0.5,0,0,25103.54,personal,1,0.3231,0.2580886561863014,0
A00-00445,0,US,Minority,39,31834.6,22.36,0.436,5.61,3,1,26827.88,personal,0,0.052,0.0696621011576441,0
A00-00446,0,US,Minority,57,59319.77,10.94,0.309,9.34,1,0,18017.85,personal,1,0.567,0.5617296541871687,1
A00-00447,0,EU,Majority,61,84008.93,2.97,0.202,7.05,1,0,23903.2,auto,1,0.7042,0.6854420765339325,1
A00-00448,0,EU,Majority,30,42274.63,8.81,0.29,13.45,1,0,34131.09,personal,1,0.5197,0.5941560056557764,1
A00-00449,0,EU,Majority,45,73686.49,7.44,0.485,8.31,0,0,19048.38,auto,1,0.6495,0.5691718839080796,1
A00-00450,0,US,Majority,45,83407.99,4.62,0.182,13.93,0,0,24037.16,auto,1,0.8839,0.882515755892138,1
A00-00451,0,EU,Minority,43,26602.06,8.87,0.229,11.71,1,0,15846.42,personal,0,0.4573,0.4806265012174729,0
A00-00452,0,US,Minority,43,56358.96,2.94,0.446,11.31,1,1,27405.84,personal,0,0.2102,0.24114327101047978,0
A00-00453,0,EU,Majority,42,99777.99,3.83,0.28,3.69,0,0,35228.71,personal,0,0.6984,0.6550064007446812,1
A00-00454,0,US,Majority,58,78986.88,5.2,0.388,8.57,0,0,28388.1,personal,1,0.6619,0.6452685316152068,1
A00-00455,0,US,Majority,51,32961.31,4.49,0.449,13.39,0,0,5223.35,home_improvement,0,0.5413,0.5355439398314257,0
A00-00456,0,US,Minority,27,74008.45,8.33,0.43,8.19,1,0,33839.81,personal,1,0.5075,0.49877099331894714,0
A00-00457,0,US,Majority,48,54293.0,5.61,0.254,10.72,4,1,19465.43,auto,0,0.1386,0.18484370759787003,0
A00-00458,0,US,Minority,49,74634.83,4.21,0.529,1.55,3,0,34383.26,home_improvement,1,0.1623,0.1833557293261355,0
A00-00459,0,EU,Majority,42,55388.45,10.84,0.419,16.18,0,0,24098.03,personal,1,0.7206,0.7404262627603747,1
A00-00460,0,EU,Majority,51,67492.38,8.15,0.333,5.33,1,0,21346.38,auto,0,0.5233,0.4743208775138315,0
A00-00461,0,EU,Majority,41,58286.69,2.14,0.327,0.52,0,0,23685.73,home_improvement,1,0.3766,0.33554487457856785,0
A00-00462,0,US,Minority,41,61560.0,2.11,0.42,5.7,0,0,21327.07,auto,0,0.5104,0.4247418951667465,0
A00-00463,0,EU,Majority,40,57721.68,4.23,0.293,0.5,0,0,29812.03,personal,0,0.3662,0.3112529030025583,0
A00-00464,0,US,Majority,21,64252.77,2.34,0.134,4.16,0,0,17905.4,auto,1,0.6536,0.5560637384193312,1
A00-00465,0,US,Minority,38,39163.5,9.87,0.465,17.33,1,0,15426.96,home_improvement,1,0.5792,0.6431713031104946,1
A00-00466,0,US,Majority,32,77822.53,3.94,0.413,6.98,1,0,35520.5,auto,0,0.5288,0.5068343118396271,0
A00-00467,0,US,Minority,26,64830.42,7.76,0.099,1.39,4,0,36646.21,auto,0,0.2353,0.267164588898941,0
A00-00468,0,EU,Majority,55,37785.89,8.74,0.391,8.6,0,0,31088.92,auto,0,0.4546,0.472597163525583,0
A00-00469,0,US,Majority,45,87365.42,1.41,0.541,4.91,3,0,18241.02,auto,1,0.3181,0.2539296739964738,0
A00-00470,0,US,Majority,39,65150.53,4.06,0.195,11.96,2,0,20671.02,personal,1,0.6,0.6235681495988294,1
A00-00471,0,EU,Majority,33,71573.49,5.06,0.321,4.94,2,0,21501.87,home_improvement,0,0.4114,0.41151922046313205,0
A00-00472,0,US,Majority,42,83026.67,6.76,0.308,9.58,0,0,35608.89,personal,0,0.734,0.7401712060402154,1
A00-00473,0,EU,Majority,50,74736.6,9.55,0.529,3.91,1,0,20387.65,home_improvement,0,0.4085,0.37637619339703593,0
A00-00474,0,US,Majority,30,90638.86,18.2,0.465,18.9,1,0,37075.13,personal,1,0.8418,0.877943039408083,1
A00-00475,0,EU,Majority,39,62927.39,13.9,0.225,10.51,2,0,33724.98,auto,1,0.5895,0.6507560892998452,1
A00-00476,0,EU,Majority,49,88154.16,5.57,0.371,7.92,2,0,35544.68,home_improvement,1,0.5322,0.6052724448512048,1
A00-00477,0,EU,Majority,21,70835.57,5.53,0.606,7.33,1,0,32777.48,auto,0,0.4006,0.3496175526030526,0
A00-00478,0,EU,Majority,38,78145.04,13.09,0.255,6.29,1,0,28190.65,personal,0,0.62,0.6071930295837052,1
A00-00479,0,EU,Majority,34,76168.95,5.75,0.329,5.46,1,1,11722.94,auto,0,0.3208,0.25472046901511447,0
A00-00480,0,EU,Majority,38,92073.88,4.0,0.392,5.35,1,0,34225.7,personal,1,0.5493,0.5169310276034116,0
A00-00481,0,US,Majority,33,82206.84,9.96,0.257,15.21,0,0,27405.43,personal,0,0.8647,0.8717550957832796,1
A00-00482,0,US,Majority,41,60084.04,6.96,0.542,6.29,0,0,21927.22,auto,1,0.4705,0.3858913870670123,0
A00-00483,0,EU,Majority,60,56315.93,2.09,0.273,0.5,2,0,39703.38,home_improvement,0,0.2021,0.26155761628888524,0
A00-00484,0,US,Majority,35,67554.67,4.75,0.163,3.84,1,1,27794.76,home_improvement,1,0.2556,0.298134228069611,0
A00-00485,0,US,Majority,42,54058.07,2.39,0.267,12.21,0,0,21412.83,auto,1,0.7066,0.6937026707062788,1
A00-00486,0,US,Majority,61,48508.35,0.79,0.408,7.49,1,0,34778.59,auto,0,0.3457,0.3741302153350204,0
A00-00487,0,US,Majority,33,28067.0,14.99,0.234,7.96,2,0,20315.76,personal,1,0.3005,0.3245181500582917,0
A00-00488,0,US,Majority,59,39064.01,6.21,0.366,13.18,2,0,19870.87,personal,0,0.3825,0.43783222200684446,0
A00-00489,0,EU,Majority,39,106222.72,4.86,0.398,5.39,2,0,17784.09,auto,1,0.6353,0.5388170378356628,0
A00-00490,0,EU,Minority,59,49026.5,4.21,0.23,9.63,3,0,16062.59,auto,1,0.3813,0.4094828998534374,0
A00-00491,0,EU,Majority,47,104665.75,5.82,0.262,5.83,0,0,24697.39,auto,1,0.8275,0.7757689568941036,1
A00-00492,0,US,Majority,42,76159.94,4.17,0.372,10.8,1,0,31619.08,personal,1,0.6067,0.6217787378250801,1
A00-00493,0,US,Majority,38,67554.6,3.01,0.414,6.94,0,0,15843.33,personal,0,0.5593,0.4641851526536668,0
A00-00494,0,EU,Minority,32,32988.5,4.33,0.31,6.13,1,0,9406.27,personal,0,0.3114,0.2532033750789522,0
A00-00495,0,US,Majority,40,68588.71,12.38,0.348,11.78,2,0,28647.95,auto,1,0.5961,0.6300473467839736,1
A00-00496,0,EU,Majority,49,104451.49,9.83,0.296,11.49,1,0,20888.37,personal,1,0.838,0.8239972818651163,1
A00-00497,0,US,Majority,39,98095.1,4.33,0.417,7.84,0,0,25125.87,personal,1,0.7398,0.6769850426728827,1
A00-00498,0,EU,Majority,36,73710.53,15.84,0.392,6.61,1,0,34336.47,auto,1,0.5664,0.5595349533250269,1
A00-00499,0,US,Majority,36,46675.3,5.53,0.285,14.9,0,0,25956.0,personal,0,0.6816,0.7101432155256377,1
A00-00500,0,EU,Minority,50,43313.86,3.47,0.432,9.46,1,0,37457.97,personal,0,0.3151,0.3683172362885879,0
A00-00501,0,EU,Minority,52,45300.75,7.14,0.325,5.54,1,0,22603.45,auto,1,0.3825,0.36159987046067144,0
A00-00502,0,US,Minority,32,85784.94,13.48,0.43,4.49,2,0,38528.36,personal,0,0.4062,0.4088243287593459,0
A00-00503,0,EU,Majority,32,99502.69,12.05,0.387,12.6,2,0,26389.51,auto,1,0.7705,0.7655844518234937,1
A00-00504,0,US,Majority,43,72221.96,3.59,0.615,8.96,2,0,27454.43,home_improvement,1,0.3376,0.3636961413265749,0
A00-00505,0,EU,Minority,56,55741.47,2.61,0.335,6.45,3,0,19745.93,personal,0,0.2438,0.2511581411040187,0
A00-00506,0,EU,Majority,52,97925.5,4.59,0.313,8.96,3,0,20789.58,personal,1,0.5758,0.5721344573999008,1
A00-00507,0,US,Minority,25,42907.1,7.85,0.297,8.45,1,0,21815.05,auto,1,0.4628,0.4364018744748935,0
A00-00508,0,US,Majority,36,69484.64,9.09,0.206,8.27,1,0,15303.97,auto,1,0.6953,0.6471533834770078,1
A00-00509,0,EU,Majority,29,77296.35,11.09,0.275,13.31,0,0,26770.59,home_improvement,1,0.8314,0.8550969659831046,1
A00-00510,0,US,Majority,36,52106.79,6.41,0.41,13.54,0,0,22783.67,personal,1,0.6299,0.6242977167580359,1
A00-00511,0,EU,Minority,57,49417.63,6.54,0.463,9.23,0,0,29790.75,home_improvement,1,0.4735,0.529122143427145,0
A00-00512,0,EU,Majority,23,54938.99,6.27,0.365,14.0,1,0,13791.13,personal,1,0.6153,0.5863859965373396,1
A00-00513,0,EU,Majority,21,95417.81,10.29,0.295,8.53,0,0,31024.7,personal,1,0.7988,0.7682151353068077,1
A00-00514,0,US,Majority,30,104872.98,9.18,0.271,11.26,3,0,38777.87,auto,0,0.7103,0.753368279944996,1
A00-00515,0,EU,Majority,42,70681.06,3.5,0.22,12.52,0,0,41883.23,personal,1,0.7439,0.7939117509006919,1
A00-00516,0,EU,Majority,46,63403.85,8.55,0.263,12.58,1,1,39277.92,personal,0,0.3511,0.4697615503522764,0
A00-00517,0,US,Minority,44,50103.02,9.91,0.22,10.76,2,0,27907.28,personal,0,0.4676,0.5337848358169757,0
A00-00518,0,US,Majority,52,68533.18,10.36,0.493,11.02,1,0,20428.56,personal,0,0.558,0.5411670402629094,0
A00-00519,0,US,Minority,21,51045.79,6.96,0.595,14.93,0,0,30986.47,auto,0,0.5826,0.5759161824379071,1
A00-00520,0,US,Minority,52,59656.43,6.74,0.143,4.94,0,0,22726.95,personal,1,0.6067,0.5789453054004972,1
A00-00521,0,EU,Majority,36,76351.42,5.67,0.365,7.88,3,1,10114.36,personal,0,0.183,0.16913703585332604,0
A00-00522,0,US,Majority,47,60799.05,6.03,0.363,7.64,2,0,31058.04,personal,1,0.3512,0.3802017465503144,0
A00-00523,0,EU,Majority,24,64897.83,14.49,0.355,7.03,3,0,21880.56,auto,1,0.3812,0.36463802286212366,0
A00-00524,0,US,Majority,39,64976.36,6.16,0.259,0.54,1,0,10957.87,home_improvement,1,0.4174,0.348600710910586,0
A00-00525,0,US,Majority,42,62466.29,3.69,0.453,14.0,2,0,19648.11,personal,1,0.4933,0.5058695038548252,0
A00-00526,0,US,Minority,52,53112.49,7.05,0.424,3.0,1,0,24326.44,home_improvement,0,0.292,0.2960754132142726,0
A00-00527,0,EU,Minority,22,75981.74,8.99,0.499,7.78,2,0,27429.09,auto,1,0.4421,0.40120306830165925,0
A00-00528,0,EU,Minority,39,27856.02,10.12,0.286,1.41,0,0,23985.64,home_improvement,1,0.2782,0.27779019634860636,0
A00-00529,0,US,Majority,27,98411.32,2.99,0.164,10.98,3,0,41327.47,auto,1,0.6874,0.7447734252623626,1
A00-00530,0,EU,Minority,45,64075.06,12.85,0.427,3.96,1,0,16978.81,personal,0,0.4039,0.3347722350277931,0
A00-00531,0,US,Minority,48,73090.33,8.8,0.259,2.56,2,0,28870.91,auto,0,0.4166,0.3986537508161774,0
A00-00532,0,US,Majority,53,82276.48,12.45,0.457,9.28,0,0,19147.07,auto,1,0.7511,0.6965676865645247,1
A00-00533,0,US,Majority,33,55046.88,2.27,0.075,5.7,1,0,35739.43,home_improvement,0,0.5034,0.5833635189965638,1
A00-00534,0,EU,Majority,49,51127.19,10.59,0.274,6.2,0,0,23203.21,home_improvement,1,0.5501,0.5719252017099623,1
A00-00535,0,EU,Majority,54,48886.88,2.89,0.256,9.19,0,1,24683.34,auto,1,0.3265,0.3507772022520476,0
A00-00536,0,EU,Majority,21,63805.71,4.92,0.29,11.7,1,0,37836.87,auto,1,0.6264,0.6594420320245195,1
A00-00537,0,US,Majority,46,81784.89,8.96,0.361,5.23,2,0,39239.53,personal,0,0.4133,0.4442075049804743,0
A00-00538,0,US,Majority,50,57408.52,2.7,0.378,4.54,1,0,39063.61,auto,0,0.3416,0.3533077335459083,0
A00-00539,0,EU,Minority,36,73050.7,4.15,0.452,7.19,0,0,15812.5,auto,1,0.6289,0.5177068787817032,0
A00-00540,0,US,Minority,26,18000.0,2.24,0.466,9.26,1,0,27968.44,auto,0,0.2192,0.22033979336230647,0
A00-00541,0,EU,Majority,49,61174.22,8.83,0.309,14.35,0,0,26601.91,personal,1,0.7475,0.7723397872414443,1
A00-00542,0,EU,Minority,26,83675.61,3.47,0.628,2.81,0,0,30808.79,home_improvement,1,0.4179,0.35331344853861724,0
A00-00543,0,US,Minority,37,58251.55,5.92,0.541,5.83,1,0,28471.02,personal,1,0.296,0.26559831027612324,0
A00-00544,0,EU,Majority,39,52746.27,7.45,0.293,13.2,0,0,34224.74,personal,1,0.6619,0.7077092707487919,1
A00-00545,0,EU,Majority,47,56019.98,7.0,0.314,16.39,1,0,32458.04,personal,1,0.6627,0.7382565178683103,1
A00-00546,0,US,Majority,32,18000.0,6.63,0.29,4.53,1,0,32211.57,personal,1,0.1808,0.19598498867447264,0
A00-00547,0,EU,Majority,31,49275.76,6.63,0.374,5.54,1,0,26242.4,personal,0,0.3289,0.30378400439073533,0
A00-00548,0,EU,Minority,40,81587.59,2.35,0.258,8.62,0,0,47981.67,personal,1,0.6824,0.7244636630477167,1
A00-00549,0,US,Majority,50,57430.55,5.09,0.235,6.19,2,0,20271.36,personal,1,0.3852,0.382433455817048,0
A00-00550,0,EU,Majority,64,59673.66,6.59,0.07,5.46,0,0,10281.96,personal,1,0.6871,0.6381919387542581,1
A00-00551,0,US,Majority,22,24195.57,6.18,0.282,9.48,1,0,22553.72,personal,0,0.3285,0.33427567867342145,0
A00-00552,0,EU,Majority,42,37514.08,5.45,0.458,14.7,1,0,27164.49,home_improvement,0,0.4499,0.5466636023219806,0
A00-00553,0,EU,Minority,27,84110.93,3.78,0.357,1.86,2,0,38301.11,auto,1,0.3668,0.33660509018923634,0
A00-00554,0,EU,Majority,50,80228.59,6.91,0.318,14.49,2,0,19001.0,personal,1,0.7028,0.7228680718216108,1
A00-00555,0,US,Majority,29,43848.66,7.67,0.363,6.2,2,0,28202.9,auto,0,0.2762,0.2744890730184885,0
A00-00556,0,EU,Majority,32,56519.12,4.5,0.21,9.88,2,0,11645.59,auto,0,0.5541,0.5172293842843387,0
A00-00557,0,US,Majority,33,67945.73,10.16,0.333,14.86,3,0,38546.83,auto,1,0.5491,0.652996224369298,1
A00-00558,0,US,Majority,38,45773.57,13.0,0.437,9.8,0,0,25499.31,personal,1,0.504,0.493510306187318,0
A00-00559,0,US,Majority,43,30421.27,5.99,0.367,7.31,1,0,23498.21,auto,1,0.3089,0.30140687957828444,0
A00-00560,0,EU,Majority,44,65475.0,3.55,0.447,11.37,2,1,46747.18,personal,1,0.1593,0.24515593496715526,0
A00-00561,0,US,Majority,39,79379.56,2.68,0.482,7.81,0,0,35672.69,personal,0,0.5649,0.5378338644134276,0
A00-00562,0,US,Minority,24,72745.29,4.88,0.455,9.19,2,0,14342.19,home_improvement,1,0.4733,0.45032903712529815,0
A00-00563,0,EU,Majority,47,85129.51,5.73,0.244,7.68,0,0,30352.85,personal,1,0.7409,0.7274349629043001,1
A00-00564,0,US,Majority,38,38982.41,2.58,0.289,11.94,0,0,46297.98,personal,1,0.4901,0.5876115609667749,1
A00-00565,0,US,Majority,52,69600.14,4.79,0.562,2.92,2,0,45778.62,personal,0,0.1802,0.19941527942589096,0
A00-00566,0,US,Minority,31,56399.42,9.87,0.413,3.05,2,1,33175.79,auto,0,0.0962,0.1018314299656157,0
A00-00567,0,US,Majority,21,66842.81,1.23,0.352,2.86,0,0,9314.12,personal,0,0.4924,0.33565888257602855,0
A00-00568,0,EU,Majority,39,64476.15,6.22,0.227,8.27,0,0,36955.84,personal,1,0.6348,0.6573705232363249,1
A00-00569,0,US,Majority,53,55951.48,4.14,0.319,2.38,0,0,19597.89,personal,0,0.4144,0.3423914250557668,0
A00-00570,0,US,Majority,41,18000.0,5.84,0.416,5.73,3,0,35490.32,personal,0,0.0773,0.1031417296295185,0
A00-00571,0,EU,Minority,37,83574.75,13.39,0.377,2.67,3,0,21643.84,personal,0,0.3308,0.29134575569800875,0
A00-00572,0,EU,Majority,29,74769.81,5.68,0.268,14.42,0,0,29075.92,personal,1,0.8099,0.8179206874379313,1
A00-00573,0,EU,Minority,58,33298.49,5.19,0.341,3.14,2,0,19314.1,personal,1,0.1625,0.15645235608170815,0
A00-00574,0,EU,Minority,28,70489.5,8.51,0.518,1.95,1,0,22766.59,personal,1,0.3126,0.23157104222877517,0
A00-00575,0,EU,Majority,31,60001.21,6.97,0.41,9.49,1,0,33812.66,home_improvement,1,0.4754,0.5381113045934692,0
A00-00576,0,US,Minority,45,53539.53,6.23,0.439,13.85,2,0,16567.11,auto,0,0.5051,0.5093133933483315,0
A00-00577,0,EU,Majority,21,53900.12,7.12,0.383,8.04,0,0,46493.06,personal,0,0.4538,0.48994616296204435,0
A00-00578,0,EU,Minority,53,71701.68,11.38,0.233,6.95,1,0,21190.47,personal,0,0.6186,0.6040332406013712,1
A00-00579,0,US,Majority,46,53303.35,9.51,0.363,13.66,0,0,15792.78,auto,1,0.7312,0.7103957265734182,1
A00-00580,0,US,Majority,49,47660.14,4.98,0.458,12.01,2,0,28732.9,auto,1,0.3713,0.4144266287608934,0
A00-00581,0,US,Majority,45,90003.15,13.0,0.299,10.2,1,0,34410.39,personal,1,0.739,0.7621364437074176,1
A00-00582,0,EU,Majority,37,65101.25,4.3,0.447,6.17,0,0,25674.36,personal,0,0.4844,0.4220511187736994,0
A00-00583,0,EU,Majority,27,65697.76,6.22,0.395,10.32,0,0,16411.96,auto,0,0.6956,0.6205031519526713,1
A00-00584,0,EU,Minority,37,74656.82,6.64,0.474,1.66,1,0,21582.31,personal,1,0.346,0.26104004147126597,0
A00-00585,0,US,Majority,28,55815.85,4.84,0.336,6.01,3,0,16805.3,personal,0,0.2492,0.22671156111607602,0
A00-00586,0,US,Majority,44,59605.09,12.22,0.436,14.23,2,0,25686.13,personal,0,0.5159,0.5693520808076296,1
A00-00587,0,US,Majority,48,74308.59,4.69,0.154,13.71,2,0,26333.43,auto,1,0.7405,0.7814801309957997,1
A00-00588,0,US,Majority,55,39213.83,5.41,0.334,10.25,3,1,28951.02,personal,0,0.0866,0.13396195277912312,0
A00-00589,0,EU,Majority,43,72700.88,10.29,0.416,0.78,0,0,29383.9,personal,1,0.4305,0.35623093727362587,0
A00-00590,0,EU,Minority,49,47141.48,4.4,0.411,2.27,2,0,33957.27,personal,0,0.1537,0.1598513219039834,0
A00-00591,0,EU,Majority,36,84753.98,2.51,0.461,5.78,1,0,24973.7,auto,0,0.5369,0.45626469044693174,0
A00-00592,0,EU,Majority,34,78886.6,6.32,0.311,7.81,0,0,19602.56,auto,1,0.7431,0.6739562953385452,1
A00-00593,0,EU,Majority,44,76376.42,3.03,0.264,3.5,1,0,29819.98,auto,1,0.5228,0.48201754095166993,0
A00-00594,0,US,Majority,35,37967.79,2.81,0.133,7.51,1,0,23746.09,auto,0,0.4679,0.46883046846105547,0
A00-00595,0,US,Majority,42,66535.49,1.26,0.297,15.57,1,0,30729.41,personal,1,0.6906,0.739392679361432,1
A00-00596,0,US,Minority,27,39131.94,1.4,0.437,8.7,1,0,18046.54,personal,1,0.3095,0.2712125089737347,0
A00-00597,0,US,Majority,29,67799.59,1.48,0.421,9.38,2,0,32978.44,home_improvement,1,0.398,0.45907039933446026,0
A00-00598,0,US,Minority,46,18000.0,13.95,0.207,3.03,1,0,13730.99,home_improvement,0,0.2589,0.27218257479221436,0
A00-00599,0,US,Majority,49,39224.19,1.48,0.471,1.94,1,0,19653.61,personal,0,0.1676,0.13234972903378703,0
A00-00600,0,EU,Majority,28,91091.64,2.98,0.213,3.59,1,0,38332.94,auto,0,0.6233,0.5949801988280512,1
A00-00601,0,US,Minority,46,68512.01,5.47,0.36,0.5,1,0,16008.2,personal,0,0.3489,0.25962987312854685,0
A00-00602,0,EU,Minority,33,54777.5,8.3,0.307,7.4,1,0,35401.4,personal,0,0.4274,0.4542427711817467,0
A00-00603,0,EU,Minority,39,44233.88,8.78,0.425,8.64,1,0,13410.86,personal,1,0.389,0.34413418761095255,0
A00-00604,0,EU,Minority,55,40899.18,3.56,0.386,3.24,0,0,9695.7,auto,1,0.3726,0.27437635957079115,0
A00-00605,0,EU,Minority,48,65302.96,6.15,0.456,7.69,3,0,11640.74,home_improvement,0,0.313,0.3188677700825315,0
A00-00606,0,US,Minority,48,54970.99,5.37,0.596,12.98,0,0,27843.14,auto,1,0.5576,0.5467956486154842,0
A00-00607,0,EU,Majority,60,97886.3,5.95,0.378,16.33,0,0,33779.27,auto,1,0.8945,0.907212997148894,1
A00-00608,0,US,Minority,31,57989.49,6.42,0.306,10.18,2,0,36692.08,personal,0,0.4142,0.4779504761453123,0
A00-00609,0,EU,Majority,28,69615.69,7.43,0.385,7.8,0,0,33326.1,home_improvement,1,0.6045,0.6251526068799256,1
A00-00610,0,US,Majority,31,42118.43,4.09,0.563,11.45,1,0,31608.28,personal,0,0.3066,0.32231870534100315,0
A00-00611,0,US,Majority,36,61646.71,11.11,0.409,13.91,1,0,20056.88,home_improvement,1,0.6559,0.6973940115107359,1
A00-00612,0,EU,Minority,21,64862.84,15.03,0.488,0.5,1,0,21608.98,personal,0,0.2938,0.21141204551133386,0
A00-00613,0,EU,Minority,37,54417.07,4.71,0.184,13.03,1,0,32819.81,personal,0,0.6277,0.6913003800722537,1
A00-00614,0,US,Majority,33,59273.06,17.76,0.376,6.32,0,0,38285.69,auto,1,0.5676,0.5683250136582885,1
A00-00615,0,EU,Minority,48,67711.28,4.25,0.343,4.96,1,0,17419.86,personal,0,0.4559,0.3918859888684651,0
A00-00616,0,US,Minority,43,90281.64,6.22,0.293,5.68,1,0,40124.43,personal,1,0.5955,0.608200771038267,1
A00-00617,0,EU,Majority,32,71254.42,5.4,0.327,9.78,1,0,12364.17,auto,1,0.6715,0.5996310959762086,1
A00-00618,0,US,Majority,45,90239.54,6.07,0.343,4.05,2,0,28305.8,auto,0,0.5076,0.46728818740349737,0
A00-00619,0,US,Majority,47,80310.45,10.44,0.255,7.36,0,0,27851.61,personal,1,0.729,0.7113741253321042,1
A00-00620,0,US,Minority,31,82102.71,5.22,0.398,9.2,3,0,23266.5,auto,1,0.4737,0.4548862563054578,0
A00-00621,0,US,Majority,34,56915.32,2.73,0.309,9.37,3,0,23446.75,auto,0,0.3555,0.3692437998583373,0
A00-00622,0,US,Minority,21,57568.38,4.04,0.459,8.62,5,0,16173.21,personal,0,0.1384,0.13857672312540031,0
A00-00623,0,US,Majority,27,64647.3,5.22,0.357,7.2,0,0,27092.54,personal,0,0.5597,0.510620652101239,0
A00-00624,0,US,Minority,31,71879.27,6.54,0.42,9.87,2,0,25529.55,auto,1,0.5076,0.49141809677784665,0
A00-00625,0,US,Majority,40,83555.84,3.57,0.448,12.73,4,0,32012.75,home_improvement,0,0.3967,0.5123356178562419,0
A00-00626,0,US,Minority,29,63876.07,3.82,0.442,11.09,0,0,37062.57,personal,1,0.5744,0.5842638079232986,1
A00-00627,0,US,Majority,33,85157.42,6.68,0.329,10.21,1,0,25335.61,auto,1,0.7311,0.7045398860788202,1
A00-00628,0,EU,Majority,26,57796.7,6.81,0.08,12.26,1,1,16261.67,auto,0,0.5045,0.5254596766499832,0
A00-00629,0,EU,Minority,41,78322.17,9.63,0.437,10.58,0,0,16018.63,auto,1,0.7616,0.6976965171739326,1
A00-00630,0,US,Minority,44,80800.38,4.01,0.266,17.81,3,0,44083.53,auto,0,0.6917,0.8052432416136163,1
A00-00631,0,EU,Minority,43,74372.43,7.85,0.365,11.97,3,0,40466.76,auto,1,0.4806,0.5745050049944928,1
A00-00632,0,US,Majority,39,71049.23,5.41,0.375,8.15,0,0,31004.24,personal,1,0.6051,0.5838155826858806,1
A00-00633,0,US,Majority,22,82053.14,4.38,0.49,4.85,0,0,26585.12,home_improvement,0,0.5537,0.4964195365908762,0
A00-00634,0,EU,Majority,32,51513.92,5.51,0.551,7.46,1,0,32143.15,auto,0,0.3184,0.2992221640679201,0
A00-00635,0,EU,Majority,35,72268.88,5.98,0.219,7.17,1,0,35333.95,auto,0,0.6152,0.6242535701283984,1
A00-00636,0,EU,Majority,35,74209.7,2.53,0.172,10.55,1,0,20515.48,auto,1,0.7455,0.7255009176311238,1
A00-00637,0,US,Minority,40,36239.2,2.67,0.414,4.3,2,0,24473.63,personal,0,0.1527,0.14580380018490716,0
A00-00638,0,EU,Minority,55,70517.1,8.46,0.404,11.87,4,1,17079.19,personal,0,0.1521,0.1946828359589702,0
A00-00639,0,US,Minority,48,37772.44,4.64,0.231,1.54,3,0,24536.82,auto,0,0.1529,0.15507995335282257,0
A00-00640,0,US,Minority,28,53369.55,6.57,0.373,0.57,3,0,38681.86,personal,0,0.1165,0.12373959719032938,0
A00-00641,0,US,Minority,46,62255.46,8.32,0.447,6.56,0,0,32628.06,personal,0,0.4775,0.46049457497623036,0
A00-00642,0,EU,Majority,46,54616.01,5.53,0.182,5.13,2,0,24449.19,auto,0,0.4037,0.4042466427760327,0
A00-00643,0,US,Majority,30,70068.53,7.93,0.211,3.47,2,0,6329.32,personal,1,0.4603,0.3601734282967912,0
A00-00644,0,EU,Majority,48,69764.58,6.0,0.253,5.95,1,1,22272.76,auto,0,0.309,0.3028289274476932,0
A00-00645,0,EU,Minority,37,45916.55,6.16,0.35,4.05,1,0,26887.99,personal,0,0.2851,0.2643482581511626,0
A00-00646,0,EU,Majority,23,79291.51,10.92,0.413,8.54,1,0,28405.65,auto,0,0.6305,0.5903648371194528,1
A00-00647,0,EU,Majority,44,53981.03,5.18,0.291,6.02,2,0,26201.67,personal,0,0.3179,0.3267850221805588,0
A00-00648,0,EU,Majority,41,111971.51,8.51,0.337,6.34,2,0,25887.51,auto,1,0.7161,0.670845970377871,1
A00-00649,0,US,Majority,36,66419.9,2.22,0.6,8.48,4,0,23208.65,auto,0,0.1851,0.17821628813777352,0
A00-00650,0,US,Majority,39,46245.41,6.43,0.215,12.56,0,0,23686.42,personal,1,0.6692,0.6866009505454315,1
A00-00651,0,EU,Minority,31,42797.51,12.45,0.297,12.98,0,0,24580.88,home_improvement,1,0.6609,0.7157557472289977,1
A00-00652,0,US,Majority,46,90304.03,18.46,0.411,9.09,0,0,20641.33,personal,1,0.789,0.7492588209062606,1
A00-00653,0,US,Majority,39,60726.12,2.31,0.449,9.4,1,1,38865.27,personal,0,0.1744,0.21658881833651317,0
A00-00654,0,US,Minority,41,35588.49,4.63,0.425,6.37,1,0,19147.72,auto,0,0.2932,0.2559074128166395,0
A00-00655,0,US,Majority,43,84720.54,3.08,0.547,10.42,0,0,7165.64,auto,0,0.7368,0.6155901060966185,1
A00-00656,0,US,Minority,26,53604.1,5.31,0.413,8.66,1,0,41344.75,auto,0,0.4073,0.4359349300854288,0
A00-00657,0,US,Majority,29,80914.97,9.29,0.093,13.8,2,0,17189.47,home_improvement,1,0.8117,0.8470035801149162,1
A00-00658,0,EU,Majority,21,86275.75,11.13,0.342,0.95,2,0,31570.21,auto,0,0.418,0.35638483835026635,0
A00-00659,0,US,Majority,45,73714.81,11.33,0.261,7.56,1,0,19985.84,personal,0,0.6339,0.6069217618891725,1
A00-00660,0,EU,Majority,26,114022.24,2.16,0.496,9.86,1,0,37008.31,personal,1,0.719,0.6914872493180422,1
A00-00661,0,EU,Minority,40,28729.89,5.9,0.491,6.99,4,0,24843.19,home_improvement,0,0.0818,0.11415464298575,0
A00-00662,0,US,Majority,43,52958.95,3.96,0.139,4.74,0,0,35125.95,personal,0,0.5136,0.5271686941491537,0
A00-00663,0,EU,Majority,46,63636.95,5.12,0.492,3.3,0,0,23890.35,auto,1,0.429,0.3398528366918284,0
A00-00664,0,EU,Majority,26,111462.3,4.31,0.443,11.73,2,0,22355.72,home_improvement,1,0.749,0.7464853741783516,1
A00-00665,0,EU,Minority,38,95662.05,2.24,0.336,4.07,1,1,27346.09,auto,0,0.3436,0.3038522774232495,0
A00-00666,0,US,Minority,57,85985.13,11.19,0.366,0.5,1,0,20928.04,personal,0,0.4698,0.38647276744616615,0
A00-00667,0,US,Minority,58,46411.65,3.59,0.542,10.53,0,0,6675.55,auto,0,0.5177,0.42681465895389925,0
A00-00668,0,US,Majority,50,55627.22,4.01,0.093,10.34,0,1,22672.02,personal,0,0.4507,0.4970145377226849,0
A00-00669,0,EU,Majority,43,52757.36,12.49,0.383,8.04,0,0,50002.28,home_improvement,1,0.4832,0.6068666434199117,1
A00-00670,0,EU,Majority,28,53614.89,1.96,0.461,4.84,2,0,7534.65,auto,0,0.2771,0.19156848829604867,0
A00-00671,0,EU,Majority,47,96861.39,7.37,0.319,8.05,1,0,30174.57,auto,0,0.7427,0.7249893354784797,1
A00-00672,0,EU,Minority,37,56868.42,10.02,0.453,11.96,1,0,22404.43,personal,0,0.5224,0.5186867698232813,0
A00-00673,0,EU,Minority,45,59381.53,11.95,0.387,0.64,0,0,41147.31,personal,0,0.3376,0.3258548635229324,0
A00-00674,0,EU,Majority,32,83213.35,7.09,0.236,2.24,3,0,19151.53,personal,0,0.3681,0.31830728042390216,0
A00-00675,0,US,Majority,37,36892.97,8.6,0.233,5.99,0,0,26848.47,auto,1,0.4802,0.4618937338799402,0
A00-00676,0,EU,Minority,41,62500.27,10.01,0.46,6.99,0,0,33210.71,auto,1,0.5345,0.5081393775332302,0
A00-00677,0,US,Majority,42,47659.44,5.36,0.254,6.51,0,0,25747.7,home_improvement,1,0.5141,0.5409368729916261,0
A00-00678,0,US,Majority,44,62906.12,3.27,0.147,11.07,1,0,17952.5,personal,1,0.6803,0.6803789132428892,1
A00-00679,0,US,Majority,33,57358.01,13.01,0.345,12.86,0,0,26604.91,personal,1,0.697,0.7059617941005518,1
A00-00680,0,EU,Majority,24,56378.37,8.09,0.268,9.62,0,0,25386.01,auto,1,0.6757,0.6468994952039225,1
A00-00681,0,US,Majority,57,72786.05,5.9,0.186,10.74,0,0,22590.88,auto,0,0.8102,0.804206333053036,1
A00-00682,0,US,Majority,66,72703.05,2.32,0.339,9.59,1,0,36723.31,auto,1,0.5933,0.637332952317143,1
A00-00683,0,US,Majority,44,64323.41,1.05,0.422,8.54,1,1,32472.86,personal,0,0.1905,0.21608936619668045,0
A00-00684,0,US,Majority,24,75543.0,7.29,0.332,3.33,1,0,32554.06,personal,0,0.4435,0.4012636816491775,0
A00-00685,0,US,Majority,30,51996.32,0.99,0.202,4.39,0,0,26661.63,auto,0,0.5161,0.46118545196381183,0
A00-00686,0,EU,Majority,45,81450.13,5.86,0.388,3.1,0,0,33283.69,home_improvement,0,0.5501,0.5434763097381109,0
A00-00687,0,EU,Minority,54,57582.22,3.7,0.499,6.51,3,0,38001.68,home_improvement,0,0.1755,0.24781557380258473,0
A00-00688,0,US,Minority,26,52310.39,4.31,0.641,8.03,0,0,25093.94,auto,1,0.3898,0.3137738457182252,0
A00-00689,0,US,Majority,38,53399.58,11.4,0.503,2.7,0,0,30092.35,auto,0,0.3583,0.2984176844153152,0
A00-00690,0,US,Majority,41,63913.45,3.72,0.209,8.79,2,0,14068.1,auto,1,0.563,0.5306791896324424,0
A00-00691,0,US,Minority,49,97042.15,6.03,0.478,3.6,0,0,6115.64,auto,1,0.7024,0.5284688942748739,0
A00-00692,0,EU,Majority,35,67297.04,3.73,0.361,4.22,0,0,41364.79,personal,1,0.4504,0.4405367213281376,0
A00-00693,0,EU,Majority,22,46756.33,6.91,0.192,6.0,0,0,23759.57,personal,1,0.5227,0.4811097806190646,0
A00-00694,0,EU,Minority,46,78957.56,6.35,0.409,2.62,1,1,29116.05,home_improvement,0,0.1922,0.20904987649450613,0
A00-00695,0,US,Majority,51,59533.36,5.86,0.56,10.93,6,0,15671.22,home_improvement,0,0.1171,0.16497472935523233,0
A00-00696,0,EU,Minority,38,66891.42,10.03,0.519,6.43,0,0,16267.44,auto,0,0.562,0.45098253757433016,0
A00-00697,0,US,Majority,43,56992.45,1.97,0.208,11.76,0,0,19878.93,personal,0,0.7044,0.6960550588843285,1
A00-00698,0,US,Majority,34,92834.69,1.59,0.332,6.73,2,0,34854.08,auto,1,0.5603,0.5483805464698307,0
A00-00699,0,EU,Majority,30,57275.56,2.63,0.389,6.88,3,0,19222.45,personal,0,0.2381,0.2221559675632803,0
A00-00700,0,EU,Majority,50,95059.3,6.37,0.122,15.99,0,0,20362.53,personal,1,0.9295,0.9321518679481773,1
A00-00701,0,EU,Majority,43,48564.05,7.59,0.127,2.01,1,1,20686.88,auto,1,0.192,0.1838193691386149,0
A00-00702,0,EU,Majority,44,62934.78,0.52,0.349,13.64,1,0,35923.2,auto,1,0.6223,0.6726148290769202,1
A00-00703,0,EU,Minority,56,88099.92,7.53,0.395,13.72,0,0,33012.06,personal,1,0.8068,0.8240122553345269,1
A00-00704,0,EU,Majority,27,71695.31,14.25,0.109,11.56,1,1,22141.89,auto,1,0.5802,0.6124080081786265,1
A00-00705,0,US,Majority,33,111657.85,4.7,0.377,7.18,0,0,36073.77,auto,1,0.8156,0.7761427662218366,1
A00-00706,0,US,Minority,41,56386.33,13.2,0.505,12.81,1,0,21601.72,personal,1,0.5299,0.5317574300968736,0
A00-00707,0,US,Minority,33,66383.81,7.22,0.349,5.81,1,0,23606.76,personal,0,0.4641,0.4180599436785104,0
A00-00708,0,US,Majority,48,104697.84,12.36,0.337,5.68,0,0,23736.55,auto,1,0.8214,0.7646331370413565,1
A00-00709,0,US,Majority,37,39735.46,11.09,0.399,6.95,3,0,31883.03,home_improvement,1,0.179,0.24831923935389685,0
A00-00710,0,US,Minority,28,30382.75,4.7,0.428,4.82,2,0,17124.98,home_improvement,0,0.1624,0.16233062602022807,0
A00-00711,0,EU,Majority,40,53385.34,9.31,0.13,4.71,4,0,31599.16,personal,0,0.2158,0.27343761080806256,0
A00-00712,0,EU,Minority,41,76954.08,4.69,0.266,11.54,1,0,49779.91,auto,1,0.6812,0.7568744624209777,1
A00-00713,0,EU,Minority,49,30912.83,14.11,0.327,4.01,2,0,27076.72,home_improvement,0,0.1965,0.24890938404307345,0
A00-00714,0,US,Minority,43,72843.93,4.97,0.272,6.98,1,0,25793.46,personal,1,0.5625,0.5435865561243373,0
A00-00715,0,EU,Majority,44,78507.43,7.79,0.506,2.72,2,0,23379.46,auto,0,0.3335,0.2695278238621479,0
A00-00716,0,US,Majority,43,106773.41,15.57,0.406,8.62,0,0,36584.77,personal,1,0.8141,0.8043910564847361,1
A00-00717,0,US,Majority,37,88364.21,7.99,0.197,3.88,1,0,17128.62,auto,0,0.697,0.6123925856716493,1
A00-00718,0,US,Majority,31,75416.95,4.4,0.304,3.78,1,0,44120.59,personal,0,0.4245,0.437326941103595,0
A00-00719,0,US,Minority,42,87323.53,2.42,0.511,6.66,0,0,39978.76,personal,1,0.5572,0.5317092406616649,0
A00-00720,0,US,Majority,35,78739.17,1.98,0.252,12.73,0,0,22215.79,personal,1,0.8039,0.7875684801466951,1
A00-00721,0,EU,Majority,58,59758.67,7.51,0.432,10.26,4,0,26330.76,personal,1,0.2314,0.28951140926726027,0
A00-00722,0,EU,Majority,54,46752.49,5.51,0.496,10.54,0,0,21990.26,personal,0,0.4686,0.45110071191522433,0
A00-00723,0,EU,Minority,46,50682.05,2.66,0.521,6.58,0,0,26101.68,personal,0,0.3549,0.31341154651521347,0
A00-00724,0,US,Majority,43,67738.6,8.76,0.352,7.16,1,0,28825.73,auto,1,0.5448,0.5287872866257767,0
A00-00725,0,EU,Majority,38,71825.35,8.69,0.48,11.66,3,0,30777.23,personal,0,0.3792,0.42696902975065615,0
A00-00726,0,EU,Majority,25,27931.28,5.45,0.267,6.25,3,0,15871.44,personal,0,0.1645,0.16223434069586068,0
A00-00727,0,US,Majority,37,64328.35,12.66,0.628,11.84,1,0,21402.3,personal,1,0.4849,0.4544153822140876,0
A00-00728,0,EU,Majority,40,69043.05,1.71,0.359,13.44,3,0,37272.28,home_improvement,0,0.4411,0.5841562845152387,1
A00-00729,0,US,Majority,42,78903.21,4.5,0.468,5.13,1,0,25682.56,personal,1,0.4418,0.38309125659383947,0
A00-00730,0,US,Majority,44,99409.22,7.97,0.287,5.72,1,0,3000.0,auto,1,0.7802,0.6613628146030606,1
A00-00731,0,US,Majority,49,72027.42,2.88,0.39,6.32,2,0,23960.43,personal,1,0.3758,0.3573676130674098,0
A00-00732,0,US,Majority,31,51218.31,9.25,0.395,2.63,0,0,46936.58,personal,1,0.3073,0.31849478891669364,0
A00-00733,0,US,Majority,31,33956.49,10.79,0.219,6.62,0,0,33044.77,home_improvement,0,0.4548,0.5214015225873928,0
A00-00734,0,US,Majority,55,81553.21,0.75,0.215,13.71,0,0,23352.59,auto,1,0.8598,0.8582350113182922,1
A00-00735,0,US,Minority,47,44987.34,12.89,0.35,2.92,0,0,25227.93,auto,0,0.4129,0.3642675261564174,0
A00-00736,0,EU,Majority,35,84969.9,7.69,0.463,13.8,1,0,29507.35,personal,1,0.704,0.7106873952906124,1
A00-00737,0,US,Majority,38,95050.98,4.17,0.11,6.77,1,0,12194.38,personal,1,0.7864,0.7261360254507642,1
A00-00738,0,US,Majority,38,39162.58,2.11,0.286,16.96,1,0,19209.65,personal,0,0.5999,0.6427034369259252,1
A00-00739,0,US,Majority,39,79023.96,9.95,0.487,5.77,1,0,29243.78,personal,0,0.4655,0.4250329198658815,0
A00-00740,0,EU,Majority,44,93059.83,2.56,0.182,7.92,3,0,40098.77,home_improvement,1,0.5478,0.6615446462961204,1
A00-00741,0,EU,Majority,67,87861.75,7.68,0.48,4.86,3,1,22407.32,personal,0,0.1336,0.14094954389203157,0
A00-00742,0,EU,Minority,41,21668.79,2.64,0.24,4.35,3,0,37105.68,personal,0,0.0984,0.13447223873809622,0
A00-00743,0,US,Majority,46,52280.61,5.78,0.22,13.85,1,0,18704.35,personal,1,0.6567,0.6821512641114597,1
A00-00744,0,US,Majority,21,44176.57,9.7,0.312,10.4,0,0,3000.0,personal,0,0.6221,0.5231444265970584,0
A00-00745,0,EU,Majority,34,78445.98,4.21,0.555,12.62,1,0,32892.18,personal,1,0.5642,0.5685809785499794,1
A00-00746,0,US,Majority,53,76353.21,12.85,0.253,3.24,0,0,32228.68,personal,0,0.6125,0.5920463689577217,1
A00-00747,0,EU,Majority,43,18000.0,8.07,0.122,11.12,0,0,30053.92,home_improvement,1,0.5179,0.635159125725629,1
A00-00748,0,EU,Minority,21,55784.2,2.88,0.207,3.21,5,1,33800.0,auto,0,0.0447,0.060899758722484924,0
A00-00749,0,US,Minority,46,76713.68,2.23,0.487,1.75,0,0,26001.13,personal,0,0.4114,0.3184067109449099,0
A00-00750,0,EU,Majority,60,71311.54,3.44,0.167,9.46,2,0,21676.51,personal,1,0.5843,0.6131742769434099,1
A00-00751,0,EU,Majority,21,71279.07,5.61,0.473,9.41,1,0,24030.38,auto,1,0.5564,0.49547979573764606,0
A00-00752,0,US,Majority,56,61565.12,13.53,0.338,8.71,2,0,25084.8,personal,0,0.4474,0.48168473739261813,0
A00-00753,0,US,Majority,21,48380.12,14.96,0.326,11.37,3,0,22982.3,home_improvement,1,0.3786,0.4644096276813142,0
A00-00754,0,US,Minority,49,61175.94,4.11,0.411,10.59,0,0,11376.29,auto,0,0.6717,0.5978595694063353,1
A00-00755,0,EU,Majority,39,69489.78,4.03,0.234,14.38,0,1,15390.81,personal,1,0.587,0.5944026254375024,1
A00-00756,0,US,Majority,21,80189.84,8.85,0.347,3.74,0,0,23977.74,auto,1,0.6436,0.5363316778967226,0
A00-00757,0,US,Minority,44,74733.5,8.81,0.232,13.11,0,0,11101.47,personal,1,0.8391,0.8131910696796426,1
A00-00758,0,EU,Majority,52,70131.37,11.71,0.492,16.03,0,0,8927.41,personal,1,0.7918,0.7598989303483726,1
A00-00759,0,US,Majority,43,89303.26,11.89,0.207,7.04,1,0,26508.82,auto,1,0.758,0.7385975894892828,1
A00-00760,0,US,Minority,45,54376.43,3.28,0.428,0.5,1,0,26316.06,personal,0,0.2142,0.1743424516095865,0
A00-00761,0,EU,Majority,34,41063.53,1.91,0.206,2.97,0,0,23036.5,personal,0,0.3777,0.3270517539096023,0
A00-00762,0,US,Majority,21,77564.02,8.14,0.266,6.65,3,0,4574.97,home_improvement,0,0.4923,0.44795914436213596,0
A00-00763,0,US,Majority,47,70901.21,6.57,0.285,16.56,1,0,38237.2,auto,0,0.7775,0.8362998099759706,1
A00-00764,0,US,Minority,58,70941.7,1.22,0.733,7.17,2,1,10955.08,personal,0,0.0947,0.07555079032708262,0
A00-00765,0,US,Majority,51,44475.42,1.88,0.328,6.03,2,1,20356.98,home_improvement,0,0.1029,0.1333486469544936,0
A00-00766,0,US,Majority,21,102525.13,7.91,0.231,5.76,0,0,20832.26,personal,1,0.8144,0.7412504535819062,1
A00-00767,0,EU,Majority,22,81999.55,5.31,0.277,3.21,2,0,37354.64,home_improvement,0,0.4163,0.45122267703748814,0
A00-00768,0,EU,Majority,30,63028.06,8.02,0.149,12.0,0,0,32206.83,personal,1,0.7629,0.787362259446775,1
A00-00769,0,US,Majority,21,50726.39,2.75,0.31,8.13,1,0,19757.0,auto,1,0.478,0.423974504692987,0
A00-00770,0,EU,Majority,39,88965.91,8.36,0.552,16.9,2,0,18752.92,auto,1,0.7362,0.7269593609259504,1
A00-00771,0,EU,Majority,43,47566.37,7.06,0.37,11.01,1,0,25170.08,personal,1,0.4611,0.4817491772697969,0
A00-00772,0,EU,Majority,23,111465.93,8.71,0.438,11.82,1,0,22251.4,home_improvement,1,0.8295,0.8179946843422511,1
A00-00773,0,EU,Minority,48,49849.11,4.3,0.266,6.13,0,0,27036.32,personal,0,0.4826,0.468156661140536,0
A00-00774,0,EU,Majority,46,101189.6,3.72,0.306,4.14,2,0,19025.89,home_improvement,0,0.5897,0.5628306083132534,1
A00-00775,0,EU,Minority,33,57995.0,2.1,0.399,3.61,0,0,28493.01,personal,0,0.3814,0.3222554960722799,0
A00-00776,0,US,Majority,37,98534.19,4.76,0.243,3.02,2,0,31218.43,personal,1,0.5311,0.4993275193593212,0
A00-00777,0,US,Majority,21,54537.5,10.53,0.378,12.14,2,1,20661.71,personal,0,0.2168,0.2426722471259786,0
A00-00778,0,US,Minority,35,61857.89,12.18,0.449,5.56,3,0,7011.29,personal,0,0.2707,0.2148384802170491,0
A00-00779,0,US,Minority,39,76790.24,2.58,0.44,10.91,3,0,27089.1,auto,0,0.4367,0.4508138332925693,0
A00-00780,0,EU,Majority,41,81079.47,5.61,0.312,9.04,0,0,18461.85,auto,1,0.7764,0.7196823092839302,1
A00-00781,0,US,Minority,43,82414.47,13.64,0.506,5.93,2,1,26065.31,home_improvement,0,0.1951,0.2269368687003688,0
A00-00782,0,US,Majority,42,59238.03,14.68,0.299,3.82,1,0,26334.72,auto,1,0.4682,0.4368650859543042,0
A00-00783,0,US,Majority,36,70111.36,4.64,0.288,9.71,2,0,23736.59,auto,1,0.5611,0.5556787687403575,1
A00-00784,0,US,Minority,42,85219.38,11.06,0.548,6.23,4,0,19538.33,personal,1,0.254,0.23419520936863839,0
A00-00785,0,EU,Majority,50,55100.15,10.01,0.197,12.11,1,0,33416.65,auto,1,0.6666,0.7285797364995575,1
A00-00786,0,EU,Minority,38,72378.28,9.54,0.171,4.24,1,0,25180.35,home_improvement,1,0.5883,0.6033681003276801,1
A00-00787,0,US,Majority,42,64335.96,1.68,0.226,10.96,0,0,46773.09,personal,1,0.6536,0.7233891355437827,1
A00-00788,0,US,Minority,37,65411.61,3.95,0.421,13.66,2,0,23547.16,personal,1,0.5118,0.5338253929243284,0
A00-00789,0,US,Majority,32,70106.45,5.24,0.484,9.59,0,0,31272.09,personal,1,0.5748,0.546385118334779,0
A00-00790,0,US,Majority,45,53522.62,5.15,0.251,11.64,0,1,24627.03,personal,0,0.3851,0.42742354874837113,0
A00-00791,0,EU,Majority,33,63546.83,5.57,0.548,10.79,0,0,30968.52,auto,1,0.5752,0.5440722574363129,0
A00-00792,0,EU,Majority,43,71253.71,15.58,0.333,16.09,2,0,36748.25,personal,1,0.677,0.7682107545697208,1
A00-00793,0,US,Majority,39,66548.24,4.74,0.316,9.99,1,0,35662.31,home_improvement,1,0.5671,0.6472574202974698,1
A00-00794,0,US,Majority,36,98381.98,7.26,0.228,11.3,2,0,8213.89,personal,1,0.7902,0.7468451011120608,1
A00-00795,0,EU,Majority,35,87689.16,7.1,0.564,8.35,0,0,38073.21,personal,1,0.6013,0.5729666325110794,1
A00-00796,0,EU,Majority,33,74009.63,5.62,0.312,5.4,2,0,28317.8,personal,1,0.4086,0.39332317146169493,0
A00-00797,0,US,Majority,21,54000.22,2.7,0.17,3.67,0,0,27785.45,personal,0,0.4886,0.4378208758374455,0
A00-00798,0,US,Minority,43,45843.56,6.08,0.67,12.17,5,1,40711.46,auto,0,0.0313,0.057147669349113535,0
A00-00799,0,US,Minority,42,99002.41,1.2,0.422,3.07,1,0,38587.3,home_improvement,1,0.5114,0.518271863560911,0
A00-00800,0,EU,Minority,48,42312.18,7.68,0.471,10.08,1,0,32983.3,personal,0,0.3341,0.3746383810903128,0
A00-00801,0,US,Majority,33,70663.33,1.03,0.532,10.16,2,0,25176.03,personal,0,0.3756,0.3567951837512162,0
A00-00802,0,US,Minority,60,68358.03,7.28,0.449,10.77,0,0,19172.03,auto,0,0.6928,0.6549551173754324,1
A00-00803,0,EU,Majority,35,62584.85,3.81,0.447,6.44,2,0,30328.01,auto,0,0.3231,0.3099687226996171,0
A00-00804,0,EU,Majority,29,49458.13,2.96,0.337,5.34,1,0,35412.57,auto,0,0.345,0.339674024816737,0
A00-00805,0,US,Majority,28,53586.96,8.93,0.418,10.01,1,0,6579.69,personal,1,0.5076,0.42381176666014675,0
A00-00806,0,US,Minority,21,51116.4,4.4,0.371,5.93,1,0,36098.8,auto,1,0.3562,0.3465899940482056,0
A00-00807,0,US,Majority,56,55019.64,5.89,0.328,3.58,0,0,21718.11,personal,1,0.4373,0.3839951544385327,0
A00-00808,0,EU,Majority,54,93726.69,1.72,0.344,16.25,0,0,8228.78,personal,1,0.8921,0.8669251870252068,1
A00-00809,0,US,Minority,46,61326.61,12.69,0.327,3.93,0,0,29383.64,home_improvement,0,0.5204,0.5359460181841904,0
A00-00810,0,EU,Majority,29,58547.78,6.25,0.391,4.53,2,0,36390.71,personal,0,0.2466,0.255147871200099,0
A00-00811,0,EU,Majority,59,70532.2,6.24,0.39,7.53,0,1,22187.76,personal,1,0.3268,0.31906050095879057,0
A00-00812,0,US,Minority,35,74191.16,11.25,0.473,12.11,1,0,19385.68,personal,1,0.6382,0.6080006650938912,1
A00-00813,0,EU,Majority,36,61952.23,7.78,0.407,0.5,1,0,38444.64,personal,0,0.2499,0.2322161298667871,0
A00-00814,0,US,Majority,55,85637.64,0.66,0.57,13.18,2,0,22635.93,home_improvement,1,0.5528,0.5942785455027493,1
A00-00815,0,US,Minority,46,37348.21,13.41,0.501,3.45,7,0,35026.07,personal,0,0.0225,0.03652803982573062,0
A00-00816,0,EU,Minority,63,83754.77,4.63,0.35,8.16,2,0,17711.95,personal,0,0.5459,0.5247640773300659,0
A00-00817,0,US,Majority,42,68329.91,12.97,0.384,5.8,0,0,31432.27,home_improvement,1,0.5778,0.5986048296649428,1
A00-00818,0,US,Majority,35,67587.77,4.53,0.5,16.47,0,0,27110.17,personal,1,0.7221,0.7269596466214651,1
A00-00819,0,US,Majority,32,55332.73,3.89,0.216,9.0,1,0,32663.9,personal,1,0.509,0.5404671022923946,0
A00-00820,0,US,Majority,21,45170.85,7.47,0.572,5.67,0,0,35692.87,personal,1,0.2769,0.24880752744081736,0
A00-00821,0,US,Majority,36,36833.23,17.34,0.237,7.3,0,0,16971.82,personal,0,0.5375,0.507195279569275,0
A00-00822,0,EU,Majority,52,54007.24,11.05,0.438,8.86,1,0,32672.45,personal,0,0.4086,0.44358351765684517,0
A00-00823,0,EU,Majority,46,79665.79,7.96,0.331,9.21,0,0,15014.88,auto,1,0.7804,0.7196753338628171,1
A00-00824,0,EU,Minority,39,43235.71,7.41,0.369,8.86,1,0,15038.76,personal,0,0.4077,0.3744663745803205,0
A00-00825,0,EU,Majority,28,39079.48,6.05,0.174,8.49,0,0,18176.89,auto,1,0.6031,0.5614994442848721,1
A00-00826,0,US,Majority,41,51227.76,12.64,0.439,2.99,1,0,30987.62,home_improvement,1,0.283,0.3042870334835346,0
A00-00827,0,EU,Majority,50,61188.17,9.06,0.175,7.14,0,0,42695.43,personal,0,0.6124,0.6698853513933438,1
A00-00828,0,US,Minority,44,54935.48,2.07,0.202,9.53,2,0,42390.7,personal,1,0.3988,0.5026871050965166,0
A00-00829,0,US,Majority,41,66051.03,2.98,0.469,5.82,0,0,20751.27,personal,0,0.4761,0.3920934646441825,0
A00-00830,0,EU,Majority,30,88119.52,8.12,0.545,11.19,1,0,33316.45,personal,0,0.6122,0.6012299696609607,1
A00-00831,0,US,Majority,49,92235.83,2.62,0.25,8.63,3,0,39315.52,personal,0,0.5054,0.5790065400752034,1
A00-00832,0,US,Majority,21,106603.79,6.22,0.45,7.63,0,0,31648.99,personal,0,0.7569,0.6942720996288965,1
A00-00833,0,US,Majority,43,37626.76,9.5,0.426,13.28,3,0,25097.15,personal,0,0.2667,0.33325275500960183,0
A00-00834,0,US,Minority,67,45238.21,7.51,0.364,0.5,0,0,27632.57,personal,0,0.2801,0.25202972191724365,0
A00-00835,0,US,Majority,22,81771.22,2.33,0.49,5.8,0,0,23738.76,personal,0,0.5541,0.4449950028695566,0
A00-00836,0,US,Minority,36,52873.41,3.1,0.355,12.03,2,0,23311.09,auto,1,0.466,0.4813556642329802,0
A00-00837,0,EU,Minority,39,77854.94,7.65,0.437,14.42,1,0,22719.22,personal,1,0.7064,0.7052179606733833,1
A00-00838,0,US,Majority,34,72435.16,16.28,0.18,17.64,1,1,25591.81,auto,1,0.6955,0.7667757726629355,1
A00-00839,0,US,Majority,50,98504.88,5.45,0.185,8.7,0,0,28307.67,auto,1,0.8626,0.8471797964593193,1
A00-00840,0,US,Majority,44,88311.61,9.69,0.47,10.33,2,0,21070.45,personal,0,0.5805,0.5576458573954497,1
A00-00841,0,EU,Minority,41,81659.32,7.54,0.441,10.37,1,0,31766.46,auto,0,0.6504,0.6448647106303459,1
A00-00842,0,US,Majority,48,60674.44,3.79,0.313,13.6,0,0,30732.16,personal,0,0.6983,0.7298907415807026,1
A00-00843,0,US,Majority,39,66648.24,9.75,0.559,9.75,0,0,42510.29,auto,0,0.5515,0.5648804181695534,1
A00-00844,0,US,Majority,70,62700.18,1.68,0.558,12.2,2,0,28964.91,personal,1,0.3571,0.40584500328200246,0
A00-00845,0,EU,Minority,41,32888.05,9.35,0.428,8.94,4,0,21806.38,auto,0,0.1466,0.1711355456080662,0
A00-00846,0,EU,Majority,41,96463.62,7.82,0.155,10.59,4,0,23906.56,auto,1,0.6511,0.6862638796094934,1
A00-00847,0,EU,Minority,21,75662.36,4.03,0.362,3.43,1,0,25484.14,auto,0,0.4784,0.38912249289447925,0
A00-00848,0,EU,Majority,33,61944.48,2.79,0.23,7.18,1,0,29856.17,auto,0,0.5435,0.5334798338563207,0
A00-00849,0,US,Minority,52,86287.26,4.27,0.386,5.01,0,1,28585.45,personal,1,0.3368,0.315926005616595,0
A00-00850,0,US,Majority,24,56523.01,3.6,0.218,3.74,0,0,12344.17,personal,0,0.5273,0.4122330149973568,0
A00-00851,0,US,Majority,21,33575.45,4.91,0.186,1.89,2,0,18209.45,personal,1,0.1963,0.1689282077778151,0
A00-00852,0,US,Minority,39,80640.03,4.56,0.103,5.41,1,0,30998.65,personal,1,0.646,0.6441714369102092,1
A00-00853,0,US,Minority,54,37207.36,4.03,0.395,6.04,1,0,32482.13,personal,1,0.2417,0.26318026985556203,0
A00-00854,0,US,Majority,39,64780.27,1.63,0.054,8.92,2,0,14898.4,auto,1,0.6428,0.6272686755524253,1
A00-00855,0,US,Majority,35,72416.34,2.51,0.292,10.72,2,0,27454.83,auto,0,0.5795,0.589683658141114,1
A00-00856,0,EU,Minority,21,68823.84,10.64,0.458,7.85,1,0,29206.81,home_improvement,1,0.4936,0.5073757852663396,0
A00-00857,0,US,Minority,44,77619.62,4.11,0.288,6.07,2,0,24144.94,auto,1,0.5109,0.48227190312304474,0
A00-00858,0,EU,Majority,46,79536.18,4.97,0.2,4.84,1,0,21284.57,auto,1,0.6438,0.589642989145295,1
A00-00859,0,EU,Majority,21,78947.96,4.4,0.322,12.01,0,0,17026.4,home_improvement,1,0.7974,0.7808393834222533,1
A00-00860,0,US,Minority,51,46475.72,12.8,0.276,6.69,2,0,25900.32,personal,1,0.3323,0.36552378039946387,0
A00-00861,0,US,Minority,47,67090.63,3.54,0.397,5.36,0,0,35987.06,auto,0,0.5172,0.49232052871423665,0
A00-00862,0,EU,Minority,51,32894.55,3.37,0.251,6.35,0,0,36306.62,personal,0,0.3602,0.40008329441887924,0
A00-00863,0,EU,Majority,45,98180.62,7.92,0.317,5.57,0,0,20588.77,personal,0,0.7604,0.6890076417686974,1
A00-00864,0,US,Majority,46,41851.27,6.52,0.288,6.38,1,0,21862.37,home_improvement,0,0.3772,0.41236911547764765,0
A00-00865,0,US,Minority,45,54917.64,8.05,0.374,4.85,1,0,6010.51,personal,0,0.404,0.30942012087374704,0
A00-00866,0,EU,Minority,49,36441.39,7.75,0.571,5.95,2,0,25829.16,home_improvement,0,0.1516,0.17738785167404536,0
A00-00867,0,EU,Minority,21,47626.84,9.9,0.399,9.72,1,0,30228.53,home_improvement,0,0.4322,0.48646522937376,0
A00-00868,0,US,Majority,22,68755.14,2.29,0.391,10.13,2,0,36388.39,home_improvement,0,0.4348,0.5114695321745152,0
A00-00869,0,US,Majority,31,58453.6,7.48,0.255,14.69,1,0,13281.11,auto,1,0.7487,0.7337988431876565,1
A00-00870,0,EU,Minority,38,83240.68,3.38,0.402,11.95,1,0,21276.78,auto,1,0.7208,0.6863315790109695,1
A00-00871,0,US,Majority,43,72811.12,1.25,0.297,16.33,0,0,30951.05,personal,1,0.8059,0.8312767609262732,1
A00-00872,0,EU,Minority,43,52704.72,7.72,0.379,9.34,3,0,11502.39,personal,0,0.3072,0.29662511529913205,0
A00-00873,0,US,Majority,51,65961.94,7.46,0.408,10.67,2,0,29960.91,home_improvement,1,0.4645,0.5549371989373275,1
A00-00874,0,US,Minority,52,84674.31,5.75,0.315,5.15,1,0,34295.01,personal,1,0.5477,0.544869295167167,0
A00-00875,0,US,Minority,29,78768.55,10.0,0.327,10.4,0,0,16139.99,personal,0,0.7732,0.7187454984619226,1
A00-00876,0,US,Majority,42,46863.35,3.4,0.272,5.88,1,0,24488.44,home_improvement,1,0.3829,0.41493867547301866,0
A00-00877,0,EU,Majority,30,55567.62,8.47,0.269,2.62,2,0,13628.92,personal,0,0.3043,0.24570261535420976,0
A00-00878,0,US,Majority,37,77521.01,5.25,0.351,14.61,1,0,36537.93,home_improvement,1,0.7237,0.7999820226740583,1
A00-00879,0,EU,Majority,43,75213.97,5.5,0.286,3.5,2,0,31494.99,personal,0,0.3735,0.3689838160866066,0
A00-00880,0,US,Majority,21,48542.75,1.41,0.51,10.26,1,0,20789.34,personal,1,0.357,0.3156162871942447,0
A00-00881,0,EU,Majority,66,82733.41,10.06,0.651,4.98,0,0,20608.75,auto,0,0.5405,0.43783728221101964,0
A00-00882,0,EU,Minority,45,44573.39,7.29,0.307,11.61,1,0,28832.55,personal,1,0.484,0.5349675362045061,0
A00-00883,0,EU,Majority,32,93272.71,8.28,0.365,13.55,0,0,35332.52,auto,1,0.8561,0.856865725969231,1
A00-00884,0,US,Majority,60,78559.53,3.09,0.455,10.62,0,0,20195.5,personal,1,0.6844,0.6455338705440345,1
A00-00885,0,EU,Majority,35,46993.44,6.8,0.298,13.49,3,0,19788.33,personal,1,0.3883,0.44147101777965075,0
A00-00886,0,US,Majority,40,58447.54,5.24,0.211,8.53,1,0,21875.05,home_improvement,1,0.5758,0.6126508817922572,1
A00-00887,0,EU,Majority,34,58117.25,7.52,0.539,17.44,0,0,37839.87,personal,0,0.6602,0.7133466730527122,1
A00-00888,0,US,Majority,57,71537.66,6.62,0.412,11.48,1,0,8187.78,auto,1,0.6858,0.6272012586157574,1
A00-00889,0,US,Minority,38,57624.44,14.2,0.413,3.5,2,0,36875.79,personal,0,0.2412,0.25778663461212287,0
A00-00890,0,US,Majority,41,46735.71,11.78,0.504,8.78,0,0,23565.79,home_improvement,1,0.4648,0.4791955875623005,0
A00-00891,0,EU,Minority,52,35009.08,4.88,0.467,6.49,2,0,24177.95,home_improvement,0,0.1812,0.21737213872191877,0
A00-00892,0,EU,Majority,45,78931.44,7.72,0.324,7.5,0,1,20406.25,auto,1,0.4675,0.42890953815506033,0
A00-00893,0,US,Majority,38,73938.5,4.62,0.213,1.87,2,0,30529.91,personal,1,0.3628,0.34664895931098155,0
A00-00894,0,EU,Minority,51,63505.21,9.85,0.316,8.65,2,0,17013.08,home_improvement,1,0.4946,0.5338649055323862,0
A00-00895,0,EU,Minority,67,66643.91,5.38,0.52,1.56,1,0,36024.07,home_improvement,0,0.257,0.282655405174668,0
A00-00896,0,US,Majority,42,56740.54,4.23,0.412,0.5,1,0,35841.99,auto,1,0.2481,0.22070094279905886,0
A00-00897,0,US,Majority,40,71995.85,6.75,0.308,7.12,0,0,16142.28,auto,0,0.7037,0.6234504690809193,1
A00-00898,0,EU,Majority,41,116731.61,11.27,0.542,5.48,0,1,33886.41,personal,0,0.4733,0.42801190211972723,0
A00-00899,0,EU,Majority,53,90816.78,10.28,0.311,5.05,2,0,20026.03,personal,1,0.5541,0.5137632312791512,0
A00-00900,0,US,Majority,32,63020.24,4.38,0.449,0.5,0,0,25226.64,auto,1,0.371,0.2680051987611017,0
A00-00901,0,EU,Majority,36,58555.94,13.51,0.356,5.1,1,0,39590.45,auto,0,0.4232,0.44071570165828944,0
A00-00902,0,US,Majority,22,18000.0,3.22,0.562,7.81,1,0,17782.21,auto,0,0.1812,0.14710803159966718,0
A00-00903,0,EU,Majority,26,88805.19,3.9,0.42,5.96,2,1,31298.66,home_improvement,1,0.213,0.24495936427424334,0
A00-00904,0,EU,Minority,33,76445.5,9.61,0.381,8.65,0,0,32040.01,personal,1,0.6636,0.6440709405852498,1
A00-00905,0,EU,Majority,38,58167.27,1.26,0.309,14.07,0,0,25669.07,home_improvement,0,0.7147,0.7590443011896795,1
A00-00906,0,US,Majority,58,41297.55,5.9,0.328,10.57,2,1,29686.85,personal,0,0.1331,0.19325344475084577,0
A00-00907,0,US,Majority,45,46549.92,4.86,0.243,12.61,1,0,29187.16,home_improvement,1,0.5655,0.667337269988502,1
A00-00908,0,US,Majority,29,76943.56,13.95,0.166,12.94,1,0,16972.84,personal,1,0.8172,0.8120133816988979,1
A00-00909,0,US,Majority,31,66802.53,2.83,0.367,4.42,1,0,20564.11,personal,0,0.4076,0.33529907522460406,0
A00-00910,0,EU,Minority,54,74640.25,3.05,0.311,8.86,1,0,18488.27,auto,0,0.6521,0.6138703190367589,1
A00-00911,0,US,Minority,51,63142.42,15.02,0.311,11.08,0,0,25653.84,personal,1,0.716,0.7265352260555614,1
A00-00912,0,US,Minority,39,79868.42,4.9,0.364,5.36,0,0,38229.2,personal,0,0.5736,0.554287867376099,1
A00-00913,0,US,Minority,34,68521.93,11.02,0.381,3.94,0,0,34757.81,auto,1,0.5387,0.49413100990406694,0
A00-00914,0,US,Minority,51,77247.11,4.42,0.376,9.22,2,0,15747.62,personal,0,0.5215,0.49009474981038914,0
A00-00915,0,US,Minority,28,21796.02,3.8,0.584,1.17,0,0,21347.92,home_improvement,0,0.1299,0.10591220198653252,0
A00-00916,0,EU,Majority,43,45047.43,11.33,0.409,4.15,0,0,28561.27,personal,0,0.3539,0.3259902971918174,0
A00-00917,0,EU,Majority,64,61577.32,17.06,0.583,5.83,0,0,30253.13,personal,0,0.4281,0.41029854426104195,0
A00-00918,0,US,Majority,41,89011.81,11.82,0.277,10.3,0,0,25798.09,personal,1,0.8212,0.8070181329492034,1
A00-00919,0,EU,Majority,30,104230.06,4.24,0.424,9.38,0,0,16029.32,personal,1,0.8098,0.7273882043111013,1
A00-00920,0,EU,Majority,44,65379.52,5.75,0.284,12.63,2,0,26999.89,personal,0,0.5609,0.6114494308182271,1
A00-00921,0,US,Minority,34,49879.98,3.14,0.308,3.41,1,0,30955.79,personal,1,0.2901,0.2744864058087956,0
A00-00922,0,EU,Majority,24,31355.6,3.51,0.587,4.6,0,0,25296.81,personal,0,0.1928,0.14998028557298226,0
A00-00923,0,US,Majority,47,84907.71,3.39,0.238,10.6,1,0,21607.35,personal,1,0.7379,0.7268861991797042,1
A00-00924,0,US,Majority,51,58046.38,4.48,0.062,5.31,1,0,39724.25,auto,1,0.5446,0.6009861767166015,1
A00-00925,0,US,Majority,36,124708.36,6.31,0.245,6.09,0,0,26913.71,personal,1,0.8766,0.8337426810173227,1
A00-00926,0,US,Majority,35,54451.33,5.89,0.089,1.07,2,0,25172.13,personal,0,0.312,0.2980962171717352,0
A00-00927,0,EU,Minority,28,101500.23,8.84,0.261,8.26,1,0,25595.65,personal,1,0.7747,0.7414323714870403,1
A00-00928,0,EU,Majority,37,82718.98,6.51,0.227,14.67,1,0,39521.4,home_improvement,1,0.7982,0.8686342411038274,1
A00-00929,0,EU,Minority,33,41962.98,8.36,0.379,2.98,1,0,28424.12,personal,1,0.236,0.21605120359531843,0
A00-00930,0,EU,Majority,28,72910.73,9.12,0.084,12.59,1,0,31599.45,home_improvement,1,0.7963,0.8532254770468974,1
A00-00931,0,EU,Majority,60,83156.23,4.29,0.474,8.26,2,0,20678.36,personal,0,0.4657,0.44053553432409553,0
A00-00932,0,EU,Majority,44,64220.21,5.31,0.105,1.44,1,0,32924.08,home_improvement,1,0.4573,0.4997444218211912,0
A00-00933,0,US,Minority,45,77421.67,26.84,0.36,3.52,1,0,37155.93,personal,0,0.5303,0.5431815300647447,0
A00-00934,0,US,Minority,49,77003.19,4.06,0.336,3.27,1,1,31661.97,auto,0,0.2266,0.22323793965108202,0
A00-00935,0,EU,Majority,47,79830.43,8.63,0.429,7.23,2,0,30039.71,personal,1,0.4383,0.4420530612025031,0
A00-00936,0,US,Minority,34,61187.01,2.4,0.417,8.78,1,0,25779.69,home_improvement,1,0.4597,0.482024698396988,0
A00-00937,0,US,Majority,42,46176.14,9.27,0.472,15.9,0,0,25872.58,personal,1,0.6242,0.6528755413726597,1
A00-00938,0,US,Minority,36,60041.08,3.64,0.332,1.38,3,0,44401.47,auto,0,0.1657,0.18857517732013918,0
A00-00939,0,EU,Majority,44,71845.23,6.02,0.274,6.56,0,0,20981.73,personal,0,0.6524,0.5987553646927215,1
A00-00940,0,US,Majority,43,32855.03,2.12,0.38,4.92,0,0,15677.98,auto,0,0.3467,0.27530313391276523,0
A00-00941,0,US,Minority,35,64715.47,5.66,0.499,2.03,1,0,24426.56,auto,0,0.314,0.2385125893254377,0
A00-00942,0,US,Majority,24,66660.78,5.73,0.429,8.88,2,0,22471.52,personal,0,0.4032,0.37493229768209296,0
A00-00943,0,US,Majority,41,43864.1,5.19,0.369,8.51,1,0,36535.23,auto,1,0.379,0.4145297190482803,0
A00-00944,0,EU,Majority,37,62172.88,7.56,0.358,1.24,3,0,15718.22,auto,0,0.2245,0.17614804653200208,0
A00-00945,0,US,Majority,21,62574.92,10.79,0.326,8.57,3,0,18528.4,auto,0,0.4125,0.39110960067929756,0
A00-00946,0,EU,Minority,45,98171.8,3.04,0.424,2.28,1,0,25775.75,personal,0,0.5086,0.41906696892088036,0
A00-00947,0,EU,Minority,50,65682.25,5.27,0.619,7.15,3,0,34971.02,personal,0,0.1745,0.19461453989211136,0
A00-00948,0,US,Minority,67,81184.86,2.23,0.346,12.18,3,0,30496.87,auto,1,0.54,0.6096181381454803,1
A00-00949,0,EU,Majority,35,66261.51,1.52,0.286,10.35,2,0,42346.87,personal,0,0.4428,0.5251485919280263,0
A00-00950,0,EU,Majority,33,32895.59,6.46,0.277,9.21,1,1,27237.0,auto,1,0.1792,0.2106909564619979,0
A00-00951,0,EU,Majority,27,81274.5,2.88,0.377,6.38,1,0,25247.0,personal,0,0.5339,0.4713621860283308,0
A00-00952,0,US,Majority,41,55994.45,5.86,0.075,8.77,0,0,30772.8,home_improvement,1,0.7038,0.7624908555309905,1
A00-00953,0,US,Majority,41,62123.6,6.61,0.314,10.75,3,1,16787.57,auto,0,0.2101,0.23548051283232796,0
A00-00954,0,EU,Minority,30,41493.55,1.73,0.481,8.96,0,0,8508.56,personal,1,0.4204,0.322676321670156,0
A00-00955,0,EU,Minority,37,62882.59,7.21,0.312,6.7,4,0,31822.03,home_improvement,0,0.2299,0.31363154069933463,0
A00-00956,0,EU,Minority,21,81738.39,10.5,0.397,7.97,1,0,31427.87,auto,1,0.63,0.5948724292433767,1
A00-00957,0,EU,Majority,49,86222.02,8.18,0.583,3.23,2,0,32320.07,personal,0,0.2926,0.2637603785934896,0
A00-00958,0,US,Majority,31,98637.6,3.09,0.37,5.56,2,0,23580.32,personal,1,0.5397,0.4739956391231847,0
A00-00959,0,EU,Majority,39,101331.23,5.63,0.061,11.33,0,0,37471.49,personal,1,0.8991,0.9109359079206507,1
A00-00960,0,US,Majority,23,29628.39,6.02,0.161,11.87,3,0,30997.5,personal,0,0.2878,0.3801934477174528,0
A00-00961,0,EU,Majority,33,45821.21,5.33,0.3,8.87,1,0,22966.21,personal,0,0.4311,0.4245754294730577,0
A00-00962,0,US,Majority,36,34144.36,2.32,0.234,14.42,0,0,25927.67,personal,1,0.6076,0.6474992499588025,1
A00-00963,0,US,Majority,39,80506.68,3.43,0.342,10.53,0,0,29823.46,personal,1,0.725,0.7118544338896543,1
A00-00964,0,EU,Minority,44,48331.45,5.04,0.34,6.17,1,0,18741.9,personal,0,0.367,0.3322528313865227,0
A00-00965,0,EU,Majority,55,59205.57,6.56,0.47,3.62,0,0,24678.27,personal,0,0.3827,0.32597306914747226,0
A00-00966,0,EU,Minority,47,57384.65,4.04,0.244,12.85,1,0,27217.41,personal,1,0.6211,0.6649157911877646,1
A00-00967,0,US,Majority,50,75768.84,1.38,0.305,11.58,0,0,24378.68,auto,1,0.7754,0.7585217295289963,1
A00-00968,0,US,Majority,55,40278.9,4.21,0.356,15.69,0,0,11121.25,personal,1,0.6583,0.6545435282834855,1
A00-00969,0,EU,Majority,45,44581.59,14.19,0.371,17.17,2,0,29051.54,personal,0,0.5328,0.6399074906571796,1
A00-00970,0,US,Majority,39,68524.63,7.24,0.348,3.35,1,0,36501.15,home_improvement,0,0.4001,0.4363605552893544,0
A00-00971,0,US,Majority,50,91276.17,6.45,0.041,3.36,2,0,32514.09,auto,1,0.6516,0.659194800987849,1
A00-00972,0,EU,Majority,51,68017.45,3.39,0.34,0.5,0,0,28067.81,home_improvement,0,0.4244,0.3992949352550902,0
A00-00973,0,US,Minority,46,46458.47,4.33,0.357,10.77,1,0,33614.41,home_improvement,0,0.4386,0.5389821555731852,0
A00-00974,0,EU,Majority,23,27684.04,1.3,0.434,11.13,2,0,33830.66,auto,0,0.229,0.26513109007735464,0
A00-00975,0,US,Majority,30,86600.84,3.24,0.417,8.89,2,0,29290.69,auto,0,0.5523,0.5274845394104507,0
A00-00976,0,EU,Majority,36,54517.3,7.03,0.359,3.6,0,0,7503.48,personal,0,0.4615,0.3343341029169974,0
A00-00977,0,EU,Majority,48,46698.7,6.48,0.368,8.14,1,0,36449.58,auto,1,0.3943,0.4332197637476951,0
A00-00978,0,EU,Majority,39,35908.82,3.8,0.492,9.24,0,0,16483.02,auto,0,0.4184,0.35570637748559547,0
A00-00979,0,EU,Majority,52,41157.08,5.33,0.468,11.63,1,0,17469.32,auto,1,0.4385,0.425254400390576,0
A00-00980,0,US,Minority,53,43236.93,5.89,0.408,8.19,1,0,17287.5,personal,0,0.3575,0.33725914989838707,0
A00-00981,0,EU,Minority,52,56961.87,3.93,0.632,9.76,1,0,49172.19,home_improvement,0,0.2932,0.40457642940006155,0
A00-00982,0,EU,Minority,52,38533.91,7.49,0.3,6.6,1,0,30038.85,personal,0,0.3231,0.35275452103213634,0
A00-00983,0,EU,Majority,28,72028.45,6.41,0.188,13.23,1,0,20865.69,auto,1,0.7921,0.7865901295815543,1
A00-00984,0,EU,Majority,44,63817.49,4.43,0.329,11.03,3,0,17602.55,home_improvement,1,0.4286,0.4913087872853224,0
A00-00985,0,EU,Minority,32,103717.85,2.43,0.33,2.35,2,0,32417.93,home_improvement,1,0.5032,0.4961334239386425,0
A00-00986,0,EU,Majority,21,36115.58,4.23,0.034,14.06,3,0,28508.28,personal,0,0.4425,0.5564090557224299,1
A00-00987,0,EU,Majority,36,71568.11,4.05,0.252,13.4,0,0,27944.52,personal,1,0.7816,0.789232146092467,1
A00-00988,0,US,Majority,54,71806.09,3.79,0.371,10.36,0,0,17767.77,auto,0,0.7271,0.6807592687917233,1
A00-00989,0,US,Minority,44,41919.41,1.79,0.368,8.22,3,0,26670.09,auto,1,0.2155,0.24020021552757032,0
A00-00990,0,EU,Majority,61,70309.8,12.1,0.237,15.13,0,0,20887.47,personal,1,0.8451,0.8610984056038163,1
A00-00991,0,US,Minority,41,76122.29,11.77,0.38,0.57,3,0,35746.91,auto,0,0.2434,0.23884255295957327,0
A00-00992,0,EU,Minority,66,63333.34,5.21,0.39,12.06,1,0,24420.06,home_improvement,1,0.592,0.6633522074471312,1
A00-00993,0,EU,Majority,41,94804.79,6.54,0.416,6.6,2,0,19954.07,personal,0,0.5432,0.4827831981556557,0
A00-00994,0,US,Minority,39,20123.94,7.41,0.298,11.48,2,0,29556.72,personal,0,0.2537,0.3258755820138562,0
A00-00995,0,EU,Majority,25,52497.57,5.26,0.435,8.98,1,0,29799.44,auto,0,0.4273,0.41064829890949484,0
A00-00996,0,EU,Majority,51,96526.06,6.82,0.199,3.53,3,0,24569.72,auto,0,0.5345,0.5118741793347875,0
A00-00997,0,EU,Majority,33,85828.5,8.03,0.27,6.51,0,0,35352.04,home_improvement,1,0.7232,0.7423592715704925,1
A00-00998,0,US,Minority,32,71769.72,6.27,0.579,11.19,0,0,33973.84,auto,0,0.6153,0.5891449154622518,1
A00-00999,0,EU,Majority,53,91931.09,8.85,0.207,7.66,2,0,39347.35,personal,0,0.6254,0.6831552065573394,1
A00-01000,0,US,Majority,52,32085.4,3.71,0.251,6.01,2,0,29810.22,auto,1,0.2437,0.27751828376062304,0
A00-01001,0,EU,Majority,51,83616.6,5.63,0.18,5.99,2,0,25380.0,home_improvement,0,0.5871,0.6314431382970246,1
A00-01002,0,US,Majority,35,88723.03,21.71,0.231,11.07,1,0,12770.09,personal,1,0.8407,0.8170388108983764,1
A00-01003,0,EU,Majority,38,55984.7,10.03,0.347,15.5,4,0,25001.06,personal,1,0.3797,0.4792719869764899,0
A00-01004,0,EU,Majority,38,118455.51,6.35,0.415,0.5,0,0,36500.96,auto,0,0.7119,0.6143446575551198,1
A00-01005,0,EU,Majority,48,72230.63,3.04,0.328,19.7,1,0,24095.62,personal,1,0.8061,0.8421453539455828,1
A00-01006,0,US,Minority,56,19837.39,5.8,0.336,7.91,1,0,3000.0,home_improvement,1,0.3045,0.3003840795845353,0
A00-01007,0,EU,Majority,43,75744.17,9.65,0.181,10.82,0,0,29010.51,personal,0,0.7978,0.8068170286101631,1
A00-01008,0,EU,Minority,61,47822.66,8.54,0.288,5.35,2,0,18737.09,personal,0,0.3022,0.3037128137156193,0
A00-01009,0,US,Majority,49,90634.91,1.48,0.144,8.49,1,0,31435.07,home_improvement,0,0.7514,0.7945248324684392,1
A00-01010,0,EU,Majority,36,78910.94,1.84,0.418,9.27,2,0,44595.03,personal,0,0.4182,0.4778567771870036,0
A00-01011,0,EU,Majority,48,57139.48,1.91,0.427,4.3,1,0,25559.7,personal,1,0.3004,0.26747976550024577,0
A00-01012,0,EU,Majority,58,97046.59,7.48,0.325,5.28,0,0,26969.84,personal,0,0.7308,0.6864687910409866,1
A00-01013,0,EU,Minority,61,79349.57,1.93,0.428,11.84,1,0,23452.79,home_improvement,1,0.6511,0.69088818375625,1
A00-01014,0,EU,Majority,52,52769.52,2.95,0.435,2.29,3,0,30650.47,home_improvement,0,0.1296,0.1579636905411598,0
A00-01015,0,EU,Majority,39,65611.14,5.15,0.342,10.26,1,0,24860.77,personal,1,0.5654,0.5610085655055552,1
A00-01016,0,EU,Majority,37,78321.42,10.56,0.497,7.02,2,0,18716.56,auto,1,0.47,0.40425097313339226,0
A00-01017,0,US,Minority,45,54579.0,7.69,0.252,3.26,0,0,20589.94,auto,1,0.5252,0.45285787352330137,0
A00-01018,0,US,Majority,57,62146.41,4.77,0.288,16.39,1,1,40451.97,personal,0,0.4034,0.5625369754409717,1
A00-01019,0,EU,Majority,44,69197.78,8.99,0.274,4.68,2,0,26802.66,personal,0,0.4012,0.397099342106585,0
A00-01020,0,US,Minority,44,41249.83,16.51,0.453,2.58,0,0,32082.76,home_improvement,0,0.3062,0.3253044255283812,0
A00-01021,0,EU,Minority,40,19077.46,5.84,0.203,6.35,2,1,26692.57,personal,1,0.0704,0.09546120771019033,0
A00-01022,0,US,Minority,35,66043.56,2.33,0.549,4.03,1,0,36611.74,auto,0,0.2992,0.26541936936102306,0
A00-01023,0,US,Majority,37,30710.9,3.03,0.397,8.53,0,0,15472.36,personal,0,0.3751,0.3267553530250651,0
A00-01024,0,US,Majority,40,49632.26,3.01,0.54,9.12,1,0,25547.98,auto,1,0.3571,0.33118340689257825,0
A00-01025,0,US,Majority,58,34839.94,3.48,0.325,9.44,3,0,28125.92,personal,0,0.1955,0.2558318545863182,0
A00-01026,0,US,Minority,36,30179.56,4.57,0.309,6.6,0,0,36947.92,personal,0,0.3247,0.3503747942836332,0
A00-01027,0,US,Majority,40,76600.75,6.67,0.409,5.69,0,0,46319.49,personal,1,0.5233,0.538572623567933,0
A00-01028,0,EU,Minority,29,57276.14,2.08,0.499,9.67,2,0,30587.16,home_improvement,1,0.3117,0.3614106012958581,0
A00-01029,0,US,Majority,47,63590.39,2.37,0.244,8.05,0,0,20420.44,personal,0,0.6392,0.6021613914767567,1
A00-01030,0,US,Majority,54,43497.87,7.99,0.09,6.52,1,0,16388.59,personal,0,0.5029,0.502429786924172,0
A00-01031,0,US,Minority,57,49038.87,4.06,0.156,13.02,0,0,16359.71,personal,1,0.7296,0.7401339306507825,1
A00-01032,0,US,Majority,41,75652.65,3.22,0.361,8.01,2,0,22890.52,personal,0,0.4621,0.4424168885628009,0
A00-01033,0,US,Minority,45,60510.34,4.89,0.56,11.47,2,0,4091.5,auto,1,0.4479,0.36787539525188107,0
A00-01034,0,EU,Majority,37,84130.81,11.6,0.174,13.41,0,0,19049.82,personal,1,0.8835,0.876170270050111,1
A00-01035,0,EU,Majority,45,86836.75,8.62,0.297,13.65,0,0,31200.21,auto,1,0.8619,0.867665689172762,1
A00-01036,0,US,Majority,42,63707.82,8.29,0.288,11.26,0,0,29780.21,auto,1,0.7328,0.7381116262117731,1
A00-01037,0,EU,Majority,40,33307.26,13.89,0.56,8.5,1,0,22247.65,home_improvement,1,0.2749,0.3021078649739149,0
A00-01038,0,US,Majority,41,54123.75,6.86,0.601,8.24,1,0,13734.05,home_improvement,0,0.3559,0.32744723405830073,0
A00-01039,0,US,Majority,44,66643.9,14.6,0.381,7.52,0,0,37542.76,personal,1,0.5853,0.6019391946582687,1
A00-01040,0,EU,Majority,36,53746.75,15.26,0.438,0.5,2,1,29021.14,auto,1,0.0773,0.07486304130894753,0
A00-01041,0,US,Majority,36,48462.14,2.13,0.434,11.38,0,0,23756.51,auto,1,0.5593,0.52842504645559,0
A00-01042,0,EU,Majority,58,69825.29,1.71,0.176,9.48,1,0,6837.9,home_improvement,0,0.7053,0.7004819036593168,1
A00-01043,0,US,Majority,69,114675.76,2.87,0.414,11.8,2,1,25616.12,home_improvement,1,0.5088,0.592971416864237,1
A00-01044,0,US,Majority,26,59224.43,10.96,0.208,8.03,1,0,29630.57,auto,0,0.6009,0.6017661407103047,1
A00-01045,0,US,Majority,25,68446.69,4.96,0.309,11.16,5,0,27800.31,personal,0,0.2589,0.3219983037142459,0
A00-01046,0,US,Majority,28,43571.32,4.58,0.467,2.99,0,0,27022.71,personal,1,0.2672,0.21387410410781382,0
A00-01047,0,EU,Minority,38,85124.62,9.13,0.385,2.42,0,0,35683.21,home_improvement,0,0.5676,0.5589485633422938,1
A00-01048,0,US,Minority,49,78120.12,3.93,0.507,0.5,2,0,25127.25,home_improvement,0,0.2431,0.22355812458302682,0
A00-01049,0,EU,Majority,46,83808.95,6.35,0.486,7.96,1,0,32202.24,personal,1,0.5286,0.514272431556296,0
A00-01050,0,EU,Majority,41,94336.12,7.98,0.119,5.41,0,0,15981.36,auto,1,0.8477,0.7891183191457606,1
A00-01051,0,EU,Majority,45,60380.51,3.05,0.069,4.89,0,0,13335.88,personal,1,0.6554,0.5895821717643511,1
A00-01052,0,US,Majority,31,62754.06,2.59,0.469,9.84,1,0,29137.91,personal,0,0.4402,0.42829099532651677,0
A00-01053,0,US,Majority,36,100987.69,5.82,0.474,6.8,0,0,37904.64,personal,1,0.6839,0.6458184433005077,1
A00-01054,0,US,Majority,39,80521.83,6.27,0.361,2.77,0,0,30472.36,personal,1,0.5406,0.4724707495410988,0
A00-01055,0,EU,Majority,22,26334.79,8.73,0.377,18.68,1,0,24838.65,auto,1,0.5742,0.6330622826911474,1
A00-01056,0,US,Minority,26,70141.6,2.82,0.482,6.95,1,0,24950.67,personal,0,0.4184,0.3593454539596993,0
A00-01057,0,EU,Majority,27,57447.74,3.55,0.435,4.17,0,0,28834.66,auto,0,0.4222,0.3484807090314674,0
A00-01058,0,EU,Majority,47,85565.26,15.17,0.293,5.82,2,0,30342.55,auto,1,0.5903,0.5918743982962728,1
A00-01059,0,US,Minority,42,69255.62,9.9,0.49,6.41,0,0,28732.18,auto,1,0.5581,0.5016319587756859,0
A00-01060,0,EU,Minority,46,28429.69,5.24,0.333,6.4,3,1,46018.72,personal,1,0.038,0.07060542260669998,0
A00-01061,0,US,Majority,21,73607.77,10.81,0.359,13.71,1,0,16538.93,personal,1,0.7309,0.7032814294031866,1
A00-01062,0,EU,Majority,23,72501.93,2.83,0.354,8.18,2,0,53049.78,auto,1,0.4111,0.48622521915818945,0
A00-01063,0,US,Majority,46,75405.79,4.88,0.227,15.92,0,0,13585.75,auto,1,0.8859,0.8743031782564369,1
A00-01064,0,EU,Majority,21,79435.05,6.24,0.241,6.77,0,0,31385.24,personal,0,0.6929,0.6572631083476238,1
A00-01065,0,EU,Minority,52,89923.35,4.54,0.643,8.81,0,0,20889.19,personal,1,0.6169,0.5291128704395307,0
A00-01066,0,EU,Majority,21,76363.89,4.64,0.223,12.59,1,0,27544.65,home_improvement,1,0.7494,0.7873269197457666,1
A00-01067,0,US,Minority,48,61935.07,8.48,0.419,11.88,0,0,32848.21,personal,1,0.6277,0.6531025911078379,1
A00-01068,0,EU,Majority,29,90311.38,9.98,0.4,13.75,0,0,31388.29,personal,1,0.8245,0.8213348617305202,1
A00-01069,0,US,Majority,51,111112.07,4.24,0.323,7.41,0,0,37582.72,home_improvement,1,0.8162,0.8320250455463346,1
A00-01070,0,EU,Minority,70,78886.34,2.21,0.456,7.08,3,0,25155.63,home_improvement,0,0.3267,0.3840467494394286,0
A00-01071,0,US,Majority,21,72417.92,1.89,0.369,0.5,1,1,12015.08,personal,0,0.1518,0.0986950843507064,0
A00-01072,0,US,Majority,47,76718.08,1.19,0.226,7.72,2,0,33428.57,home_improvement,1,0.5184,0.6002841913165566,1
A00-01073,0,US,Minority,21,66364.83,13.76,0.439,11.47,2,0,28187.74,personal,1,0.4864,0.5027958015817566,0
A00-01074,0,US,Minority,44,61851.85,8.5,0.31,10.69,2,0,21316.62,home_improvement,0,0.5223,0.5858639557191566,1
A00-01075,0,US,Majority,37,109638.25,7.44,0.539,8.15,1,0,29796.14,auto,1,0.7141,0.6549372633835422,1
A00-01076,0,EU,Majority,40,54267.99,3.89,0.381,15.3,1,0,30275.87,personal,0,0.5802,0.6359721703929476,1
A00-01077,0,US,Majority,29,90443.21,3.87,0.246,6.96,1,0,16724.9,home_improvement,1,0.7156,0.684391936108745,1
A00-01078,0,EU,Majority,48,66108.72,10.17,0.371,5.64,4,0,30124.48,home_improvement,0,0.2154,0.28864017155485394,0
A00-01079,0,US,Majority,23,40372.04,1.72,0.219,6.63,1,0,33485.56,personal,0,0.3405,0.35779190663486443,0
A00-01080,0,EU,Majority,53,64921.96,4.35,0.361,4.01,0,0,43900.3,auto,1,0.4703,0.47994221931423453,0
A00-01081,0,EU,Minority,34,51111.26,11.01,0.348,9.59,1,0,35390.75,auto,1,0.496,0.5312499455689812,0
A00-01082,0,US,Minority,24,72473.97,4.35,0.276,8.25,1,0,28920.7,auto,1,0.6223,0.595753501513577,1
A00-01083,0,EU,Minority,57,63234.7,8.25,0.274,9.54,1,0,28075.97,personal,1,0.5756,0.6086918556059719,1
A00-01084,0,EU,Minority,38,42081.49,5.37,0.667,5.44,0,0,21925.33,personal,0,0.237,0.1810124961813611,0
A00-01085,0,EU,Minority,60,89449.15,0.59,0.386,6.87,0,0,24846.84,home_improvement,1,0.6893,0.6804042586908049,1
A00-01086,0,US,Minority,52,82212.55,5.24,0.323,0.5,2,0,32470.45,personal,0,0.3209,0.3009124494115452,0
A00-01087,0,US,Minority,30,91635.06,5.89,0.302,8.6,0,0,23314.1,auto,1,0.8095,0.7567934293183202,1
A00-01088,0,EU,Majority,38,73002.33,4.99,0.387,8.9,2,1,29631.06,auto,0,0.2326,0.2575890542544658,0
A00-01089,0,US,Majority,40,67821.07,2.5,0.253,4.1,2,1,18659.45,personal,0,0.1622,0.1540691546604234,0
A00-01090,0,EU,Majority,56,81867.65,5.02,0.199,8.08,0,0,42209.33,personal,1,0.7244,0.7613607885896049,1
A00-01091,0,US,Majority,44,57527.97,1.26,0.326,7.47,2,0,22283.55,personal,0,0.3467,0.3414204724848387,0
A00-01092,0,EU,Majority,41,70971.13,4.32,0.325,15.56,4,0,36447.4,personal,0,0.4286,0.5629745667777432,1
A00-01093,0,US,Majority,37,65162.12,8.63,0.28,4.26,1,0,23029.0,home_improvement,1,0.4826,0.4826480050818157,0
A00-01094,0,US,Majority,38,40740.35,13.33,0.223,9.83,1,0,19492.41,personal,1,0.5153,0.5280088445848083,0
A00-01095,0,EU,Majority,53,70921.65,12.09,0.283,4.14,0,0,36616.92,personal,1,0.5696,0.5727148915330431,1
A00-01096,0,EU,Majority,39,60121.63,2.78,0.274,6.27,1,1,20172.22,auto,1,0.2477,0.2332676136288956,0
A00-01097,0,EU,Minority,35,56891.51,1.95,0.302,8.21,2,0,14672.38,home_improvement,1,0.4156,0.42494967816032764,0
A00-01098,0,EU,Minority,33,68411.91,6.24,0.408,6.25,0,0,17154.8,personal,0,0.5629,0.4660398109657822,0
A00-01099,0,US,Majority,33,92678.13,5.66,0.597,8.48,1,0,32617.92,personal,1,0.5325,0.49044633475534055,0
A00-01100,0,US,Majority,24,52373.37,7.89,0.49,9.83,3,0,32204.77,auto,0,0.2564,0.28205804205465873,0
A00-01101,0,US,Majority,31,62105.39,3.68,0.563,6.53,2,1,17673.89,auto,0,0.1173,0.09869957188772924,0
A00-01102,0,US,Minority,55,46963.43,5.76,0.307,10.64,1,0,20363.87,auto,0,0.5346,0.5413913212850312,0
A00-01103,0,US,Minority,37,45726.57,5.57,0.576,5.88,1,0,33254.43,personal,0,0.2101,0.202344417812833,0
A00-01104,0,EU,Majority,47,57203.19,4.41,0.357,8.11,3,0,39729.91,home_improvement,0,0.2547,0.37106051670358314,0
A00-01105,0,US,Minority,21,57767.44,1.62,0.493,8.55,1,0,25960.97,auto,0,0.41,0.35931849404639704,0
A00-01106,0,US,Majority,45,79631.56,8.56,0.385,9.41,1,0,34768.61,home_improvement,0,0.618,0.6796998135436823,1
A00-01107,0,US,Majority,37,74588.47,6.26,0.289,11.08,1,0,36504.28,home_improvement,1,0.6629,0.7386739189920217,1
A00-01108,0,US,Minority,34,41419.72,8.91,0.461,8.37,3,0,45238.17,auto,0,0.1734,0.23705694748844938,0
A00-01109,0,US,Majority,41,93089.05,10.16,0.388,10.38,1,0,21303.98,personal,1,0.736,0.7047321654542731,1
A00-01110,0,EU,Majority,34,86443.83,5.28,0.118,7.2,0,0,25094.35,auto,0,0.8246,0.7915703047820856,1
A00-01111,0,US,Majority,21,51377.47,8.59,0.315,4.22,2,0,19874.33,auto,1,0.3194,0.2710493428408581,0
A00-01112,0,EU,Majority,49,91758.11,13.51,0.435,2.79,0,0,31483.91,personal,0,0.6045,0.5420260223447452,0
A00-01113,0,EU,Minority,42,67711.83,16.0,0.408,0.5,5,0,21156.44,personal,0,0.1073,0.1046734813485347,0
A00-01114,0,EU,Minority,36,58527.35,6.73,0.431,14.15,0,0,29512.83,personal,0,0.6563,0.672380299403901,1
A00-01115,0,EU,Majority,28,75303.52,7.04,0.24,0.5,3,0,31065.29,home_improvement,0,0.2709,0.29354260444547425,0
A00-01116,0,US,Majority,23,68010.35,6.66,0.361,13.27,2,0,29773.97,auto,1,0.5929,0.6181152065221913,1
A00-01117,0,US,Minority,41,71856.49,7.73,0.363,3.82,4,0,30037.51,auto,0,0.2202,0.23047738310963098,0
A00-01118,0,US,Majority,57,72058.99,9.91,0.306,13.25,1,0,37742.33,auto,1,0.7231,0.7821020838922984,1
A00-01119,0,EU,Minority,41,55088.91,6.58,0.293,0.5,5,1,17608.49,auto,0,0.0353,0.03722725914938081,0
A00-01120,0,EU,Majority,24,30009.29,15.48,0.44,7.56,1,0,23094.42,home_improvement,0,0.2973,0.3233676851824744,0
A00-01121,0,US,Majority,41,78516.47,14.24,0.371,14.32,2,0,17697.68,personal,1,0.6982,0.7087526950634214,1
A00-01122,0,US,Minority,38,54400.55,5.88,0.404,9.95,0,0,25049.26,personal,0,0.5478,0.5257303664434226,0
A00-01123,0,EU,Majority,49,83280.99,5.86,0.576,7.15,1,0,27953.21,auto,0,0.5074,0.4538303540677158,0
A00-01124,0,EU,Majority,46,77651.83,4.2,0.387,0.73,3,0,37194.05,home_improvement,0,0.2042,0.23989330808408774,0
A00-01125,0,EU,Majority,21,61894.38,7.98,0.474,3.21,0,0,24011.51,home_improvement,0,0.4146,0.3600098974033267,0
A00-01126,0,EU,Majority,45,87936.78,4.67,0.363,14.06,0,0,24817.48,home_improvement,0,0.8384,0.8557197781010856,1
A00-01127,0,EU,Minority,28,65391.99,4.08,0.333,5.71,2,0,24823.01,auto,0,0.3964,0.3593528287909662,0
A00-01128,0,EU,Majority,23,71609.21,7.87,0.203,8.21,0,0,43291.91,personal,1,0.6789,0.7057679538718318,1
A00-01129,0,US,Minority,37,58875.9,2.67,0.404,8.23,1,1,14585.04,personal,0,0.2058,0.18502861695890518,0
A00-01130,0,US,Minority,44,93487.56,10.01,0.055,1.89,1,0,20035.27,personal,1,0.7118,0.6547625785680058,1
A00-01131,0,EU,Majority,21,54947.93,8.06,0.363,10.13,1,0,27781.45,auto,0,0.5329,0.5204354850752813,0
A00-01132,0,EU,Majority,47,62369.18,13.82,0.368,6.82,0,0,18726.09,auto,1,0.6366,0.5740019862208848,1
A00-01133,0,US,Minority,47,37990.63,6.8,0.349,8.27,0,0,28668.43,personal,1,0.4237,0.43350732593492997,0
A00-01134,0,EU,Minority,40,75307.89,8.8,0.364,4.79,0,1,26229.89,personal,0,0.3056,0.28049987739701904,0
A00-01135,0,US,Majority,29,57439.17,0.84,0.18,2.21,1,0,29799.33,home_improvement,1,0.3798,0.392500269318512,0
A00-01136,0,EU,Majority,28,59569.32,9.47,0.496,6.79,0,0,29369.22,personal,0,0.453,0.40582205013071443,0
A00-01137,0,US,Majority,50,58678.2,11.54,0.29,11.06,2,0,22225.14,auto,1,0.5603,0.588227304676021,1
A00-01138,0,EU,Majority,22,69691.72,6.35,0.213,10.08,0,0,17165.98,personal,1,0.7555,0.7077350139738413,1
A00-01139,0,US,Majority,51,44735.57,4.18,0.395,8.62,3,0,28422.43,auto,0,0.2297,0.2665859030215864,0
A00-01140,0,US,Majority,37,25878.34,6.9,0.343,12.09,1,0,10480.61,auto,0,0.4484,0.42368576295368177,0
A00-01141,0,US,Minority,38,70196.38,10.0,0.332,6.29,1,1,19168.82,personal,1,0.2684,0.25174201116132094,0
A00-01142,0,EU,Minority,21,21342.4,10.77,0.319,7.33,1,0,27527.38,auto,1,0.2928,0.295554092865304,0
A00-01143,0,US,Minority,37,77728.62,1.63,0.374,5.18,0,0,36990.57,auto,1,0.5814,0.5411813062940356,0
A00-01144,0,US,Majority,46,98112.03,23.66,0.491,12.33,1,0,51809.96,personal,0,0.7432,0.8123137034664989,1
A00-01145,0,EU,Majority,24,65379.75,4.09,0.386,9.67,0,0,21423.31,home_improvement,0,0.6392,0.6240849469074242,1
A00-01146,0,US,Minority,44,86190.37,8.89,0.371,4.87,0,0,19999.58,auto,0,0.7018,0.6088811200380748,1
A00-01147,0,US,Minority,40,61039.13,12.29,0.477,1.14,0,0,33516.19,auto,0,0.3753,0.3155324852628657,0
A00-01148,0,US,Majority,32,98885.58,5.55,0.333,12.92,1,0,43404.24,personal,1,0.774,0.8097704226449111,1
A00-01149,0,EU,Minority,48,52831.86,11.01,0.423,4.12,2,0,39347.5,personal,1,0.2111,0.24346080077775328,0
A00-01150,0,US,Majority,21,23567.25,1.62,0.348,8.79,1,1,16548.17,personal,0,0.1065,0.10566358235730139,0
A00-01151,0,US,Minority,43,59981.68,1.16,0.446,16.51,3,0,24008.55,personal,0,0.4278,0.49547731662349664,0
A00-01152,0,US,Majority,57,100951.3,11.25,0.277,11.71,2,0,32983.39,auto,1,0.7881,0.8186636561537046,1
A00-01153,0,US,Majority,55,78664.4,10.46,0.193,14.94,0,0,33041.7,home_improvement,1,0.8705,0.9141250956163774,1
A00-01154,0,US,Majority,43,58708.86,7.42,0.439,6.35,0,0,31653.24,personal,0,0.4516,0.4295205059228744,0
A00-01155,0,US,Majority,36,74749.12,10.02,0.511,12.78,0,0,20401.83,auto,1,0.7489,0.7030474537200726,1
A00-01156,0,US,Majority,32,86951.37,14.46,0.199,8.61,0,0,29385.73,auto,1,0.8406,0.8251918990354049,1
A00-01157,0,US,Majority,36,66873.29,12.51,0.352,9.96,2,0,32639.08,auto,1,0.5263,0.56134200153471,1
A00-01158,0,EU,Majority,45,118401.41,5.75,0.276,16.58,2,0,21482.58,home_improvement,1,0.9,0.9197780048909995,1
A00-01159,0,US,Minority,30,51669.06,6.86,0.481,5.99,3,0,38668.78,personal,0,0.1495,0.17557819996444154,0
A00-01160,0,US,Majority,47,87547.7,5.15,0.36,8.58,0,0,36065.3,auto,1,0.7416,0.7309303672373108,1
A00-01161,0,EU,Majority,62,82976.81,4.74,0.729,4.89,1,1,23187.44,personal,0,0.1346,0.11298013415426944,0
A00-01162,0,EU,Minority,38,48203.28,9.44,0.339,10.65,0,0,35477.47,personal,1,0.5518,0.59104333212361,1
A00-01163,0,EU,Majority,24,60435.63,5.12,0.514,6.26,0,0,34383.71,auto,1,0.444,0.3922734783489065,0
A00-01164,0,US,Majority,24,87843.87,9.43,0.526,12.59,1,0,35881.3,personal,1,0.6538,0.6597187518501236,1
A00-01165,0,US,Minority,48,64250.97,5.54,0.439,0.5,3,0,36448.42,personal,0,0.1307,0.13558932602828302,0
A00-01166,0,US,Minority,38,67923.36,6.06,0.379,9.29,1,1,25956.84,personal,0,0.2677,0.2833940998030372,0
A00-01167,0,US,Majority,49,37416.62,3.38,0.341,5.93,0,0,26820.88,personal,0,0.3542,0.3418515762650993,0
A00-01168,0,US,Minority,33,73963.97,9.29,0.376,10.02,4,0,4360.89,personal,0,0.3886,0.34826594749260875,0
A00-01169,0,EU,Majority,48,73958.64,1.55,0.466,8.45,0,0,39518.58,personal,0,0.5393,0.5463555384401718,0
A00-01170,0,US,Majority,37,67285.71,11.49,0.225,6.36,3,0,33822.64,personal,0,0.3608,0.4152195833834576,0
A00-01171,0,EU,Minority,31,68356.95,18.9,0.356,5.55,0,0,35625.35,auto,1,0.6286,0.6075699793396523,1
A00-01172,0,US,Majority,35,60724.86,6.18,0.296,5.1,1,1,20053.46,auto,0,0.2317,0.20978597524182835,0
A00-01173,0,US,Minority,26,50253.85,6.02,0.168,10.45,0,0,36155.45,home_improvement,1,0.6522,0.7273599279544005,1
A00-01174,0,EU,Majority,61,63904.17,1.98,0.433,4.31,1,0,36644.35,home_improvement,1,0.3264,0.37836010565454814,0
A00-01175,0,EU,Minority,38,52680.14,4.26,0.503,6.03,0,0,18196.26,home_improvement,1,0.4103,0.3695996679876728,0
A00-01176,0,US,Majority,46,109930.06,10.08,0.254,9.88,1,0,38029.49,auto,1,0.8465,0.8560736004799567,1
A00-01177,0,EU,Majority,33,85825.54,10.92,0.454,14.95,1,0,30413.41,personal,1,0.7474,0.7631491287211221,1
A00-01178,0,US,Majority,27,50099.09,6.67,0.14,8.46,1,0,11740.34,personal,0,0.5746,0.5296762528958096,0
A00-01179,0,US,Majority,36,107189.62,9.74,0.333,7.53,4,0,35134.91,home_improvement,0,0.4992,0.5854088679708068,1
A00-01180,0,EU,Minority,51,53275.72,3.43,0.36,8.19,0,0,20778.57,home_improvement,0,0.5389,0.5490075580338319,0
A00-01181,0,US,Majority,33,69059.65,7.62,0.341,0.5,2,0,10412.61,auto,0,0.3407,0.2354647164146795,0
A00-01182,0,US,Majority,29,85550.93,13.19,0.34,3.71,0,0,34368.62,auto,1,0.6714,0.6154338442829075,1
A00-01183,0,US,Majority,41,31070.22,8.5,0.321,7.0,0,0,23111.73,personal,1,0.3862,0.3707065120138054,0
A00-01184,0,US,Majority,44,63996.51,14.33,0.283,5.65,0,0,35726.6,personal,1,0.5776,0.5869075981754001,1
A00-01185,0,US,Minority,57,50606.66,14.58,0.362,0.7,0,0,28739.25,auto,1,0.3846,0.3408341376088714,0
A00-01186,0,US,Majority,43,72396.52,7.91,0.494,11.93,1,0,32971.18,personal,0,0.5597,0.5835233512478218,1
A00-01187,0,EU,Minority,46,68530.94,0.3,0.306,8.14,1,0,30684.47,personal,1,0.5093,0.5161950766592766,0
A00-01188,0,EU,Majority,47,67032.07,10.78,0.601,9.06,0,0,33814.69,auto,1,0.5415,0.519861781213618,0
A00-01189,0,US,Majority,26,66150.7,2.49,0.254,5.72,1,1,15772.56,home_improvement,0,0.2643,0.2627977431521898,0
A00-01190,0,US,Majority,28,88737.5,0.66,0.359,8.82,0,0,26405.53,home_improvement,1,0.7366,0.7213558525997068,1
A00-01191,0,EU,Majority,27,74228.23,1.37,0.399,10.56,1,0,27457.22,personal,1,0.5713,0.5497758208128392,0
A00-01192,0,US,Minority,24,62287.08,11.22,0.34,6.04,0,0,29954.07,personal,1,0.5458,0.5066915222232871,0
A00-01193,0,US,Minority,48,64309.54,7.95,0.541,8.88,2,0,31558.2,auto,1,0.3587,0.37089699688246985,0
A00-01194,0,EU,Minority,42,96381.89,6.78,0.44,3.92,0,0,25358.48,auto,1,0.682,0.5813732643768081,1
A00-01195,0,US,Majority,40,71780.81,8.4,0.305,8.89,0,0,26218.81,home_improvement,1,0.7052,0.7225916541551994,1
A00-01196,0,US,Majority,21,58725.48,1.44,0.495,13.07,1,0,42140.66,personal,0,0.4432,0.4943875043687421,0
A00-01197,0,US,Majority,62,32229.02,5.14,0.208,13.43,0,0,10914.97,personal,0,0.637,0.6461420005870565,1
A00-01198,0,US,Majority,29,41255.19,3.83,0.262,13.81,3,0,30952.85,personal,0,0.3383,0.43375932695492037,0
A00-01199,0,US,Minority,62,52626.51,6.46,0.443,8.24,2,0,38378.21,auto,1,0.3026,0.3635012870186533,0
A00-01200,0,EU,Majority,23,66440.84,6.6,0.426,8.63,4,0,30754.0,personal,1,0.2224,0.25140058025530926,0
A00-01201,0,US,Majority,30,57943.19,8.19,0.369,6.7,1,0,40308.78,personal,1,0.3826,0.41042161306990804,0
A00-01202,0,EU,Minority,21,68171.74,8.93,0.36,0.5,2,0,35043.44,personal,0,0.2402,0.21695029304163385,0
A00-01203,0,EU,Minority,43,50698.35,1.5,0.345,1.72,3,0,26800.25,personal,0,0.1322,0.12904974827161542,0
A00-01204,0,US,Majority,27,51124.7,5.18,0.466,7.83,1,0,22383.45,auto,0,0.3919,0.3408927077922715,0
A00-01205,0,US,Majority,27,80140.23,5.94,0.359,8.07,1,0,34416.88,personal,0,0.5704,0.562872161514595,1
A00-01206,0,US,Majority,24,94518.5,2.43,0.225,14.15,1,0,35176.26,home_improvement,1,0.8317,0.8719401316873833,1
A00-01207,0,EU,Majority,48,47463.82,2.25,0.218,13.76,0,0,24029.11,auto,1,0.7207,0.7390080294269497,1
A00-01208,0,US,Majority,47,73130.6,1.38,0.512,5.75,0,1,17694.15,personal,1,0.2382,0.1896285740918241,0
A00-01209,0,EU,Majority,59,32304.91,2.01,0.244,11.77,3,1,13915.41,personal,0,0.1115,0.1520585692014131,0
A00-01210,0,EU,Minority,31,33483.78,9.7,0.408,5.19,1,0,25064.04,personal,0,0.2381,0.22177828787164974,0
A00-01211,0,EU,Minority,41,50313.45,1.72,0.537,9.83,0,0,13283.64,personal,0,0.4551,0.3756477096544572,0
A00-01212,0,EU,Majority,25,90063.3,1.96,0.395,11.72,2,0,26044.73,auto,1,0.6585,0.6358916619351902,1
A00-01213,0,EU,Majority,35,53704.59,6.3,0.239,13.47,3,0,5864.71,home_improvement,0,0.5185,0.5632045153753547,1
A00-01214,0,EU,Majority,33,52994.09,7.6,0.208,6.53,2,0,33351.45,personal,1,0.359,0.3999681230595671,0
A00-01215,0,EU,Majority,44,69185.66,5.82,0.554,12.56,1,1,35823.17,personal,0,0.2428,0.29649673247495195,0
A00-01216,0,EU,Majority,50,69204.59,2.79,0.205,1.01,3,0,24866.42,home_improvement,0,0.2623,0.28951237717599526,0
A00-01217,0,EU,Majority,50,53582.5,2.28,0.264,13.68,1,0,41984.78,auto,1,0.6037,0.6982379386330497,1
A00-01218,0,EU,Majority,30,106238.21,6.19,0.375,8.4,0,1,38907.86,personal,0,0.5367,0.5418119096775158,0
A00-01219,0,US,Majority,50,63458.1,5.43,0.304,8.49,3,0,29016.58,personal,0,0.3333,0.38382810614906215,0
A00-01220,0,EU,Majority,39,70658.11,4.58,0.399,0.5,2,0,26696.07,personal,0,0.2369,0.19703933122165207,0
A00-01221,0,US,Majority,35,60866.19,9.46,0.154,6.95,1,0,22334.12,personal,0,0.5815,0.568381652206794,1
A00-01222,0,EU,Minority,31,69859.46,5.21,0.35,12.52,3,0,28957.12,home_improvement,0,0.4675,0.5661879369958152,1
A00-01223,0,US,Majority,33,91964.19,2.14,0.411,6.79,0,0,26246.17,auto,1,0.7136,0.6330036431538617,1
A00-01224,0,EU,Majority,58,100109.61,4.6,0.412,11.35,1,0,30554.95,personal,1,0.7397,0.7454256727630446,1
A00-01225,0,EU,Minority,42,47016.95,8.11,0.306,7.24,0,0,31739.5,home_improvement,1,0.4966,0.5507801711173671,1
A00-01226,0,EU,Majority,41,89415.11,5.01,0.207,12.75,1,0,21469.43,personal,1,0.8147,0.8122490996942645,1
A00-01227,0,US,Majority,36,78943.94,8.03,0.356,9.27,2,0,39046.87,personal,1,0.4991,0.5499052953660815,0
A00-01228,0,EU,Minority,66,80016.2,8.98,0.218,3.37,1,0,24748.83,home_improvement,1,0.5872,0.6102452621972894,1
A00-01229,0,EU,Majority,53,66754.29,5.22,0.484,8.73,4,0,23287.81,auto,1,0.2443,0.2621839529061866,0
A00-01230,0,EU,Majority,31,64946.23,5.81,0.349,14.9,2,1,15557.18,auto,0,0.3737,0.3974713978553393,0
A00-01231,0,EU,Majority,36,86278.58,4.8,0.246,10.49,1,1,28856.88,personal,0,0.4599,0.49473796998350517,0
A00-01232,0,EU,Majority,37,86639.16,8.13,0.203,8.03,2,0,45997.27,personal,1,0.583,0.6590930710441458,1
A00-01233,0,EU,Majority,41,98248.69,4.71,0.254,17.52,1,0,22897.57,home_improvement,1,0.8971,0.9196949231015258,1
A00-01234,0,US,Majority,31,72272.4,7.66,0.143,13.14,2,1,33100.6,personal,0,0.4054,0.5145770242637462,0
A00-01235,0,EU,Majority,44,66468.62,6.67,0.389,11.77,4,0,21265.85,home_improvement,0,0.3423,0.4332817862967542,0
A00-01236,0,US,Majority,55,21762.78,1.36,0.234,9.77,1,0,5372.08,auto,0,0.4095,0.37660182985404517,0
A00-01237,0,EU,Majority,25,37886.05,7.92,0.378,11.42,1,0,30215.07,personal,1,0.3965,0.42900933882121356,0
A00-01238,0,EU,Majority,27,61009.22,6.3,0.395,11.55,0,0,23407.39,home_improvement,0,0.6592,0.6705195968138603,1
A00-01239,0,US,Majority,34,47579.88,11.75,0.446,0.5,1,0,27710.63,home_improvement,1,0.217,0.2097051332820147,0
A00-01240,0,US,Minority,34,76968.48,2.52,0.405,8.68,2,0,38738.11,home_improvement,1,0.4366,0.5165746349193904,0
A00-01241,0,US,Majority,61,43609.6,6.74,0.465,7.86,1,0,27641.72,personal,1,0.3022,0.3187525473068032,0
A00-01242,0,EU,Majority,50,58975.22,4.28,0.496,6.5,0,0,30944.22,auto,0,0.4562,0.4202313999222317,0
A00-01243,0,US,Majority,49,59721.5,1.5,0.361,7.72,1,0,16120.34,personal,1,0.456,0.40894363004486173,0
A00-01244,0,US,Majority,36,91390.12,1.14,0.368,2.28,1,0,33242.51,personal,0,0.466,0.40725923864699515,0
A00-01245,0,EU,Majority,36,56943.46,13.12,0.263,1.28,3,0,22407.94,home_improvement,0,0.2278,0.24720331138541918,0
A00-01246,0,US,Majority,23,77095.83,6.75,0.211,13.49,0,0,13043.6,home_improvement,1,0.8601,0.8543212292865963,1
A00-01247,0,EU,Majority,48,72218.42,5.11,0.484,10.35,1,0,31728.62,personal,1,0.5122,0.5239069549991825,0
A00-01248,0,US,Minority,44,78662.48,1.85,0.448,0.5,0,0,38238.83,auto,0,0.4223,0.35507907362423197,0
A00-01249,0,US,Minority,53,77654.09,12.68,0.457,4.79,3,0,36077.75,home_improvement,0,0.287,0.36102279551248295,0
A00-01250,0,US,Majority,37,67864.64,3.57,0.259,12.02,2,0,42815.02,auto,0,0.5657,0.6528529901810574,1
A00-01251,0,US,Majority,37,36270.4,6.94,0.525,7.38,0,0,30735.16,personal,1,0.2969,0.2841731026881899,0
A00-01252,0,US,Majority,41,64096.92,6.15,0.303,13.48,0,0,32380.33,personal,1,0.7247,0.7537546290059001,1
A00-01253,0,EU,Majority,49,68120.84,16.11,0.234,12.7,1,0,33989.13,auto,1,0.7553,0.8033109257692106,1
A00-01254,0,US,Majority,23,73934.18,5.72,0.261,3.07,1,0,21500.11,home_improvement,0,0.5088,0.4714636771271551,0
A00-01255,0,US,Minority,47,47486.45,4.11,0.564,6.53,0,1,12533.09,personal,0,0.1476,0.11648679855185624,0
A00-01256,0,US,Minority,39,83177.12,6.81,0.242,5.31,4,0,27198.29,personal,0,0.3303,0.3518562671038635,0
A00-01257,0,US,Minority,27,61758.77,7.26,0.285,1.54,1,0,38038.51,auto,0,0.3667,0.3438239066608224,0
A00-01258,0,EU,Majority,21,51010.55,22.48,0.678,2.68,2,0,20632.26,home_improvement,0,0.1716,0.15284956235774538,0
A00-01259,0,US,Minority,37,52793.67,5.66,0.488,3.88,0,0,30133.42,home_improvement,0,0.3415,0.33416971636424336,0
A00-01260,0,EU,Majority,55,105142.31,2.46,0.242,5.94,2,0,29025.59,home_improvement,1,0.6598,0.6919715661219946,1
A00-01261,0,US,Majority,57,81123.18,4.58,0.2,9.63,0,0,29239.67,auto,1,0.8054,0.8047636371750737,1
A00-01262,0,US,Majority,43,88420.67,6.8,0.129,12.68,1,1,19668.99,home_improvement,1,0.6477,0.7166537329119894,1
A00-01263,0,US,Minority,61,41709.85,7.56,0.387,9.15,1,0,25999.99,auto,0,0.4112,0.432891893298482,0
A00-01264,0,US,Majority,39,55412.24,1.72,0.417,11.5,1,0,20118.62,auto,0,0.5306,0.503194502171598,0
A00-01265,0,EU,Minority,49,48552.98,4.23,0.557,6.03,1,1,40390.17,personal,0,0.0796,0.09930303251327506,0
A00-01266,0,US,Majority,34,72003.48,15.58,0.103,10.91,0,0,38762.28,personal,1,0.8133,0.8482327590120582,1
A00-01267,0,US,Minority,33,58193.97,3.1,0.216,6.51,3,0,21504.99,personal,0,0.3091,0.31357526355227766,0
A00-01268,0,EU,Majority,32,59199.61,9.58,0.316,6.73,1,0,43167.88,home_improvement,0,0.4385,0.5328153140444951,0
A00-01269,0,EU,Majority,21,61582.68,4.68,0.665,16.09,1,0,28000.13,personal,0,0.5002,0.49951416121446024,0
A00-01270,0,EU,Minority,53,46413.33,5.87,0.481,0.5,1,0,10951.44,personal,0,0.1967,0.1349629293543461,0
A00-01271,0,EU,Majority,32,65083.05,1.89,0.375,1.01,1,0,28537.02,home_improvement,1,0.3055,0.2858736663964662,0
A00-01272,0,EU,Majority,30,89651.1,4.98,0.183,10.03,1,0,40643.62,auto,0,0.7729,0.7957628684001609,1
A00-01273,0,EU,Majority,26,39750.35,6.75,0.076,7.44,1,0,18414.33,auto,0,0.5442,0.5227038695251317,0
A00-01274,0,EU,Majority,37,75083.11,5.7,0.335,2.75,2,0,29443.73,auto,1,0.3771,0.34046742124602547,0
A00-01275,0,US,Majority,58,94721.76,5.18,0.318,4.28,4,0,13945.58,personal,0,0.3605,0.3276390986025047,0
A00-01276,0,EU,Majority,62,65019.45,8.16,0.298,4.8,0,0,13388.13,personal,1,0.5843,0.5086053983131421,0
A00-01277,0,US,Majority,21,58451.36,2.28,0.284,12.07,1,0,21508.78,auto,0,0.6356,0.6132131127396638,1
A00-01278,0,EU,Minority,35,79060.4,6.94,0.285,11.95,3,0,16993.15,home_improvement,0,0.5892,0.6389875135689443,1
A00-01279,0,EU,Majority,28,49799.78,1.06,0.213,15.06,2,0,22554.54,personal,0,0.5524,0.6024765240203757,1
A00-01280,0,US,Majority,50,68068.86,11.15,0.497,2.14,0,0,43675.24,personal,1,0.3589,0.3516549737900849,0
A00-01281,0,EU,Majority,42,48742.96,5.29,0.224,3.03,0,0,25591.77,personal,1,0.4272,0.386628846919427,0
A00-01282,0,EU,Majority,32,32968.08,9.21,0.297,2.76,1,0,31230.85,auto,0,0.2534,0.24383817420898785,0
A00-01283,0,US,Majority,40,65612.3,0.48,0.325,13.66,1,0,35429.37,personal,1,0.6101,0.6655785139048185,1
A00-01284,0,US,Minority,34,37495.49,8.46,0.46,8.77,1,1,14200.78,personal,0,0.1352,0.12813852679004387,0
A00-01285,0,EU,Minority,57,61278.26,3.48,0.273,7.42,0,0,18711.49,personal,1,0.6041,0.5645383516282919,1
A00-01286,0,EU,Majority,45,89685.56,5.89,0.447,9.42,1,0,36879.21,auto,1,0.6517,0.6539816291225911,1
A00-01287,0,US,Majority,46,103730.85,8.54,0.26,8.27,0,0,27865.38,auto,0,0.861,0.8359573480291236,1
A00-01288,0,US,Majority,21,70277.06,5.56,0.311,4.02,1,0,35695.49,personal,1,0.4228,0.3991071614301457,0
A00-01289,0,EU,Majority,38,87865.1,7.95,0.527,10.55,0,0,45711.43,personal,1,0.6598,0.6816343736747729,1
A00-01290,0,US,Majority,62,76080.29,4.73,0.214,7.76,1,0,10773.88,personal,0,0.6699,0.6235584488490117,1
A00-01291,0,US,Majority,54,61220.84,11.66,0.417,3.7,2,0,23123.66,auto,0,0.319,0.2921338716324082,0
A00-01292,0,US,Majority,21,31929.25,5.28,0.451,10.8,2,0,21953.7,personal,0,0.2413,0.24536547771704692,0
A00-01293,0,US,Majority,36,99403.35,5.35,0.367,6.8,2,0,24642.02,home_improvement,0,0.6054,0.6059703387766271,1
A00-01294,0,EU,Majority,26,48567.06,5.41,0.316,9.41,1,0,22425.87,personal,1,0.4555,0.43977426016956317,0
A00-01295,0,EU,Majority,58,94772.65,5.79,0.585,8.0,2,1,27125.23,auto,0,0.2451,0.24430432669855334,0
A00-01296,0,EU,Majority,42,78699.34,2.36,0.328,12.07,1,0,29690.32,personal,1,0.6715,0.6875261054303353,1
A00-01297,0,EU,Majority,31,49955.76,3.03,0.354,9.38,0,0,26228.49,auto,1,0.5593,0.527092879454827,0
A00-01298,0,US,Minority,39,67427.97,10.01,0.335,3.57,3,0,34483.29,auto,0,0.276,0.2908622061081838,0
A00-01299,0,US,Majority,21,109025.31,9.21,0.348,9.79,0,0,25860.4,personal,1,0.8556,0.8145760340612355,1
A00-01300,0,US,Majority,27,97677.4,8.87,0.446,9.92,0,0,37914.39,personal,1,0.7574,0.7416434337766218,1
A00-01301,0,US,Majority,39,58758.45,7.53,0.297,10.55,0,0,19752.36,personal,0,0.6682,0.6424169749283652,1
A00-01302,0,US,Minority,48,47972.37,4.17,0.122,11.24,3,1,16668.09,auto,0,0.2216,0.27922585074474204,0
A00-01303,0,US,Majority,21,70403.95,3.89,0.392,6.04,0,0,23679.29,home_improvement,0,0.5697,0.5284205444208103,0
A00-01304,0,US,Minority,35,58355.24,5.64,0.246,9.77,2,1,31018.38,auto,0,0.2373,0.29214714045564166,0
A00-01305,0,US,Minority,50,84295.01,10.91,0.464,0.5,1,0,37670.12,auto,0,0.4022,0.3598912131401574,0
A00-01306,0,EU,Majority,23,82552.19,6.52,0.33,8.02,0,0,37886.48,personal,1,0.6814,0.6675227205703113,1
A00-01307,0,EU,Majority,42,36347.41,2.92,0.443,7.4,3,0,27727.84,personal,0,0.1345,0.15409127100653325,0
A00-01308,0,EU,Majority,40,77214.83,2.01,0.216,14.29,1,0,35931.65,auto,1,0.7802,0.818352702451683,1
A00-01309,0,EU,Minority,58,58097.27,9.38,0.311,6.47,2,0,40158.12,personal,0,0.3267,0.4023259245206934,0
A00-01310,0,EU,Majority,36,69205.05,12.87,0.289,10.93,0,0,17504.9,personal,1,0.7616,0.7309622735778465,1
A00-01311,0,US,Minority,37,66229.92,1.65,0.197,0.5,0,0,25726.84,personal,0,0.4703,0.3917969955368179,0
A00-01312,0,EU,Majority,48,91275.85,9.56,0.463,7.09,0,0,50525.26,personal,0,0.625,0.6573111110376354,1
A00-01313,0,US,Majority,24,87078.07,7.43,0.135,5.11,3,0,32765.59,home_improvement,0,0.5064,0.5709673143102599,1
A00-01314,0,US,Majority,37,54254.89,3.4,0.462,18.4,2,0,28196.71,personal,0,0.5255,0.602589770429072,1
A00-01315,0,US,Minority,34,60386.37,6.58,0.426,4.43,3,0,34131.27,personal,0,0.1814,0.19409579741292785,0
A00-01316,0,US,Majority,37,59978.09,2.6,0.306,8.79,0,0,13650.54,personal,0,0.6214,0.5490712192661734,0
A00-01317,0,US,Majority,48,36544.93,5.03,0.371,9.01,1,0,19942.97,personal,0,0.3456,0.3438844040652509,0
A00-01318,0,EU,Minority,45,59421.96,5.84,0.413,0.74,2,0,16065.21,personal,0,0.2097,0.1595283134130387,0
A00-01319,0,EU,Minority,31,96550.33,11.59,0.327,5.0,1,0,26563.88,personal,1,0.659,0.6018379425818983,1
A00-01320,0,EU,Majority,41,35971.18,4.88,0.366,10.12,0,0,22623.6,personal,1,0.456,0.4470812175184434,0
A00-01321,0,EU,Majority,55,68042.83,3.66,0.418,8.84,1,0,24908.52,personal,0,0.4942,0.48411487840206946,0
A00-01322,0,US,Majority,30,67433.38,7.1,0.217,0.5,0,0,22059.08,auto,0,0.5492,0.4398624320058608,0
A00-01323,0,US,Minority,41,66966.97,8.08,0.417,4.83,1,1,10751.65,auto,0,0.2323,0.17928775871106076,0
A00-01324,0,EU,Majority,37,50208.23,3.57,0.02,12.58,4,0,32240.63,auto,0,0.4399,0.5715233385641254,1
A00-01325,0,US,Minority,38,34422.9,2.84,0.143,9.45,2,0,9692.02,personal,0,0.3906,0.3840046760924237,0
A00-01326,0,US,Majority,21,42306.64,3.02,0.398,13.37,1,0,20252.22,personal,1,0.4667,0.45925781520083336,0
A00-01327,0,US,Majority,55,93787.74,11.62,0.28,4.56,1,0,17916.75,home_improvement,1,0.6948,0.6763684210777037,1
A00-01328,0,EU,Majority,30,49828.97,7.87,0.228,13.62,2,0,16249.69,personal,0,0.5579,0.5806635147207185,1
A00-01329,0,EU,Majority,50,59008.32,4.68,0.324,8.32,0,1,25799.64,personal,0,0.2973,0.31163987203605276,0
A00-01330,0,US,Minority,32,101488.02,10.52,0.327,13.47,2,0,42094.37,personal,1,0.7509,0.8032144241695856,1
A00-01331,0,EU,Majority,32,54549.14,3.55,0.211,8.51,1,0,11094.48,personal,0,0.5512,0.49439613330719717,0
A00-01332,0,US,Majority,52,75005.59,5.51,0.133,0.5,0,0,19903.98,auto,0,0.6397,0.54855938595176,0
A00-01333,0,US,Minority,50,81712.42,2.56,0.139,10.5,2,0,8162.3,auto,1,0.7495,0.7150274083360989,1
A00-01334,0,US,Minority,41,80798.68,10.26,0.464,5.33,2,0,24108.43,personal,0,0.4005,0.36059104601747705,0
A00-01335,0,US,Minority,47,36200.05,3.36,0.324,5.6,1,1,26284.28,personal,0,0.1041,0.11753241748826923,0
A00-01336,0,EU,Majority,36,54946.3,3.41,0.446,2.69,1,0,31430.17,personal,0,0.2403,0.21308892095815807,0
A00-01337,0,US,Majority,39,74244.92,7.19,0.278,14.99,1,1,5046.53,personal,0,0.5589,0.5434938880056135,0
A00-01338,0,EU,Minority,32,98151.33,0.97,0.418,5.02,5,0,35390.22,home_improvement,0,0.2225,0.27837810426719645,0
A00-01339,0,US,Majority,49,54031.3,2.17,0.315,14.8,2,0,15269.44,auto,0,0.5856,0.6032883731554705,1
A00-01340,0,EU,Majority,31,59121.35,8.71,0.335,6.78,0,0,15384.73,personal,0,0.5742,0.4908232486860125,0
A00-01341,0,EU,Minority,55,69471.91,2.99,0.386,3.39,3,0,29410.31,personal,0,0.2124,0.21845923161452732,0
A00-01342,0,EU,Majority,36,80273.51,19.07,0.277,13.78,1,0,30291.68,auto,1,0.8263,0.8469227181009917,1
A00-01343,0,EU,Majority,39,81424.83,6.37,0.182,8.21,1,0,25237.58,personal,1,0.698,0.6875264423759562,1
A00-01344,0,EU,Minority,47,45419.24,1.56,0.467,6.85,3,0,16709.95,home_improvement,0,0.1731,0.19164877069534259,0
A00-01345,0,US,Majority,39,58391.09,0.68,0.521,3.37,0,0,26072.33,home_improvement,0,0.3332,0.299065922265622,0
A00-01346,0,EU,Majority,36,72594.52,13.24,0.529,6.67,1,0,20194.98,personal,0,0.4651,0.3971878943209722,0
A00-01347,0,EU,Majority,39,92483.91,6.37,0.264,10.21,0,0,32145.79,home_improvement,1,0.8231,0.8438286348855849,1
A00-01348,0,US,Majority,49,63968.8,5.11,0.242,3.3,1,0,34824.09,personal,1,0.4024,0.41000895061533704,0
A00-01349,0,US,Majority,32,68076.26,6.35,0.263,6.34,1,0,34906.16,personal,0,0.5016,0.5098560474448477,0
A00-01350,0,US,Minority,38,42007.36,1.55,0.354,5.42,3,0,24288.3,home_improvement,0,0.1636,0.19719158473050566,0
A00-01351,0,US,Minority,39,96901.31,5.62,0.369,7.37,2,0,35027.31,auto,1,0.6012,0.5964816113452402,1
A00-01352,0,US,Majority,49,71431.0,3.13,0.21,14.42,2,0,16579.25,personal,1,0.6939,0.7176329004088402,1
A00-01353,0,US,Majority,38,88977.34,5.41,0.152,7.3,1,0,42405.41,home_improvement,1,0.7065,0.775406422260012,1
A00-01354,0,EU,Minority,59,62068.05,4.24,0.381,4.34,2,0,16645.93,personal,1,0.3002,0.26611385723156006,0
A00-01355,0,US,Majority,37,70120.07,6.15,0.02,19.49,0,0,9849.78,auto,1,0.9437,0.9441104992119825,1
A00-01356,0,EU,Majority,36,39994.13,4.67,0.318,6.77,0,0,37130.4,home_improvement,1,0.4013,0.4674253658038048,0
A00-01357,0,US,Majority,37,27635.52,4.06,0.217,7.74,1,0,19716.75,home_improvement,0,0.3562,0.3988969202576936,0
A00-01358,0,EU,Minority,25,85286.2,2.9,0.469,5.67,0,0,29238.83,personal,0,0.5731,0.48764054379937016,0
A00-01359,0,US,Majority,28,69983.11,1.6,0.456,7.39,2,0,19379.32,personal,0,0.3611,0.30872023161222223,0
A00-01360,0,US,Majority,33,72422.13,1.34,0.459,8.81,1,0,43800.6,home_improvement,1,0.4555,0.5331196292396613,0
A00-01361,0,US,Majority,51,44767.98,2.23,0.288,12.18,2,0,41889.83,personal,1,0.3585,0.4836262246083155,0
A00-01362,0,EU,Majority,39,51341.78,8.32,0.194,10.12,2,0,38758.51,home_improvement,1,0.4554,0.6000991834326398,1
A00-01363,0,US,Majority,34,88683.74,2.78,0.232,12.81,0,0,31436.0,personal,1,0.8373,0.8402328826738671,1
A00-01364,0,EU,Majority,52,101562.73,3.63,0.365,12.68,0,0,41196.76,personal,0,0.8279,0.848029147336768,1
A00-01365,0,US,Majority,56,56695.79,3.65,0.132,9.33,1,0,23855.13,personal,1,0.5955,0.6249268983474398,1
A00-01366,0,EU,Majority,53,81258.18,4.28,0.497,10.01,1,0,40084.96,auto,0,0.5718,0.598860063321656,1
A00-01367,0,US,Majority,30,72110.47,7.49,0.29,12.93,2,0,24353.05,personal,1,0.6229,0.6459342656984762,1
A00-01368,0,EU,Majority,34,66209.95,4.65,0.39,4.06,0,0,41363.66,personal,0,0.4274,0.41473283374436387,0
A00-01369,0,US,Majority,59,103687.22,9.24,0.116,18.49,1,0,23980.37,home_improvement,1,0.9425,0.9626126952843872,1
A00-01370,0,US,Majority,42,59889.17,2.25,0.219,6.45,0,1,22172.86,personal,0,0.3085,0.2994007296491574,0
A00-01371,0,US,Minority,36,85073.54,8.68,0.146,5.7,5,0,25840.68,auto,1,0.3659,0.40204586445259133,0
A00-01372,0,US,Majority,47,75747.04,12.36,0.453,3.65,0,0,24802.27,personal,1,0.5272,0.4513138795908523,0
A00-01373,0,US,Minority,50,61179.1,5.57,0.356,2.37,4,0,23007.65,auto,0,0.1621,0.15819068552450063,0
A00-01374,0,EU,Minority,33,87568.33,2.64,0.444,11.0,2,0,27788.19,personal,0,0.5549,0.5478625121346229,0
A00-01375,0,US,Majority,41,74012.56,7.58,0.338,17.58,0,0,20796.23,home_improvement,1,0.8598,0.8846071699493298,1
A00-01376,0,US,Majority,49,66667.88,5.64,0.386,6.23,2,0,34556.45,personal,0,0.3299,0.35663439813381936,0
A00-01377,0,EU,Minority,26,87709.4,6.8,0.335,8.49,3,0,42525.89,auto,0,0.4819,0.5331284425304113,0
A00-01378,0,US,Majority,39,92235.98,9.39,0.306,9.38,0,0,31859.33,personal,1,0.7913,0.7800869596362151,1
A00-01379,0,US,Majority,27,91337.3,4.42,0.319,12.5,1,0,48390.4,personal,0,0.7202,0.774963332165905,1
A00-01380,0,EU,Majority,28,18000.0,3.97,0.379,17.37,1,0,33798.54,personal,0,0.3937,0.4978261891923173,0
A00-01381,0,EU,Majority,33,76863.36,21.2,0.382,14.58,0,0,48439.5,auto,1,0.8237,0.8689860340907534,1
A00-01382,0,EU,Majority,44,72530.23,7.64,0.667,7.55,3,0,26377.65,personal,0,0.214,0.2057684061428661,0
A00-01383,0,US,Minority,35,60837.6,10.35,0.577,9.22,3,0,12855.66,auto,0,0.3009,0.25938206372814304,0
A00-01384,0,EU,Minority,32,73085.81,9.08,0.162,9.61,0,0,23342.14,personal,0,0.7809,0.7635387703242194,1
A00-01385,0,US,Majority,40,73450.58,10.42,0.313,8.42,2,0,23474.22,auto,0,0.5647,0.5534132097503286,1
A00-01386,0,EU,Minority,26,74378.34,6.94,0.326,2.72,1,0,20625.86,personal,1,0.4543,0.3655923903706017,0
A00-01387,0,EU,Majority,44,63408.73,9.7,0.484,5.3,5,0,7738.31,auto,0,0.1553,0.13270205016991285,0
A00-01388,0,EU,Minority,51,89965.43,3.65,0.337,11.69,0,1,36458.28,home_improvement,1,0.5524,0.6494933160146299,1
A00-01389,0,US,Majority,38,83299.94,1.57,0.386,13.51,2,0,12593.56,personal,1,0.6568,0.6237449606628537,1
A00-01390,0,US,Minority,37,71808.01,3.04,0.095,6.27,1,0,35925.96,personal,1,0.5983,0.6247775238498037,1
A00-01391,0,EU,Minority,43,70880.4,5.13,0.193,8.14,3,1,45447.97,auto,0,0.1909,0.29111554095387643,0
A00-01392,0,US,Majority,21,90488.34,4.72,0.581,13.29,0,0,18062.43,personal,1,0.757,0.6808114437281774,1
A00-01393,0,US,Majority,45,87912.07,5.66,0.336,1.68,0,0,28478.19,personal,1,0.576,0.4944827122410705,0
A00-01394,0,EU,Minority,70,59357.33,3.5,0.255,5.31,1,0,22538.39,personal,0,0.4426,0.4381582528125922,0
A00-01395,0,EU,Majority,38,87315.9,1.09,0.359,16.57,2,0,31811.96,personal,1,0.7138,0.7614138616745804,1
A00-01396,0,US,Majority,38,71806.99,4.34,0.204,9.7,3,0,15888.44,home_improvement,1,0.5197,0.5665594328036679,1
A00-01397,0,US,Minority,47,97921.61,2.04,0.341,2.58,0,0,23320.6,personal,0,0.6534,0.5512773419985685,1
A00-01398,0,US,Majority,57,89356.83,5.51,0.156,8.97,1,0,33836.72,personal,1,0.7451,0.7744979523564729,1
A00-01399,0,US,Majority,50,56613.42,7.14,0.235,12.59,2,0,27358.33,personal,0,0.5364,0.6085561701739546,1
A00-01400,0,US,Majority,21,112783.5,4.28,0.28,0.5,0,0,15272.35,personal,1,0.7451,0.5830808676900749,1
A00-01401,0,EU,Majority,45,28561.24,2.52,0.464,9.21,0,0,35783.07,auto,1,0.332,0.3543691860432432,0
A00-01402,0,EU,Minority,67,73609.74,5.83,0.431,5.61,2,0,12069.15,auto,1,0.4348,0.3704136502217265,0
A00-01403,0,US,Majority,46,55271.3,21.86,0.407,1.93,2,1,25247.96,home_improvement,1,0.1047,0.13005753021666466,0
A00-01404,0,US,Majority,26,104261.43,7.64,0.327,8.83,0,0,28136.82,personal,1,0.8242,0.784874269372379,1
A00-01405,0,EU,Majority,42,73303.32,7.97,0.429,7.95,0,0,24043.52,personal,1,0.6157,0.5640466293835571,1
A00-01406,0,EU,Minority,25,46417.89,4.0,0.27,7.0,0,0,44716.83,personal,1,0.431,0.4717585035640882,0
A00-01407,0,EU,Majority,53,63436.6,3.2,0.242,7.11,0,0,32545.79,auto,0,0.6311,0.6306163930025277,1
A00-01408,0,US,Minority,28,47935.3,10.44,0.424,3.01,1,0,21715.38,auto,0,0.3055,0.24335053232958756,0
A00-01409,0,EU,Minority,40,55690.24,0.77,0.342,1.28,0,0,32568.8,auto,1,0.3661,0.31051012381022863,0
A00-01410,0,US,Minority,30,55255.7,3.43,0.373,4.34,0,0,27636.76,home_improvement,1,0.4247,0.41118785423582954,0
A00-01411,0,US,Minority,33,47228.04,13.96,0.355,10.54,0,0,24535.89,personal,0,0.5852,0.5801491291866705,1
A00-01412,0,EU,Minority,55,66631.21,5.3,0.525,8.03,1,0,30660.27,home_improvement,0,0.4164,0.4604081710757316,0
A00-01413,0,US,Minority,40,68933.26,1.74,0.532,6.82,0,0,22823.36,home_improvement,0,0.494,0.45783103377266254,0
A00-01414,0,US,Majority,33,49570.18,7.27,0.255,4.34,0,0,26548.58,personal,0,0.4562,0.4169945893573067,0
A00-01415,0,US,Minority,26,29992.89,4.3,0.164,5.6,2,0,20406.77,personal,0,0.25,0.24910041879177808,0
A00-01416,0,US,Majority,21,74408.17,1.43,0.245,11.45,1,0,11887.09,auto,1,0.7473,0.6845255588604511,1
A00-01417,0,US,Majority,25,78606.49,6.47,0.222,10.52,1,0,37084.26,personal,1,0.6877,0.7171023415402363,1
A00-01418,0,EU,Minority,40,75374.12,5.89,0.475,5.19,3,0,25224.48,personal,1,0.2567,0.24023999319273784,0
A00-01419,0,US,Minority,50,71972.31,5.69,0.485,0.5,1,0,26749.42,personal,0,0.2831,0.226199834886143,0
A00-01420,0,US,Minority,33,91381.62,7.57,0.251,4.4,1,0,20282.59,auto,1,0.6902,0.6081172051485964,1
A00-01421,0,EU,Majority,56,87444.29,2.4,0.239,6.57,1,0,24303.18,home_improvement,1,0.6694,0.6867657198673758,1
A00-01422,0,US,Majority,31,119416.74,6.86,0.153,4.87,1,1,21781.26,home_improvement,0,0.6273,0.6186458001275169,1
A00-01423,0,EU,Majority,36,127412.3,6.16,0.346,6.85,0,0,43371.95,home_improvement,0,0.8556,0.8636038164990572,1
A00-01424,0,US,Majority,27,35096.05,10.31,0.325,11.77,2,0,35892.82,personal,0,0.325,0.40853538384257776,0
A00-01425,0,EU,Majority,50,26754.37,3.4,0.425,8.35,0,0,24592.75,auto,0,0.3531,0.3396773412681317,0
A00-01426,0,US,Majority,62,68359.57,11.36,0.39,12.46,2,0,22777.32,personal,1,0.5561,0.599165891607694,1
A00-01427,0,EU,Majority,21,78080.42,8.99,0.403,2.47,1,0,11779.63,auto,0,0.508,0.35838045973673943,0
A00-01428,0,US,Minority,35,60058.18,5.17,0.19,5.88,1,0,30527.78,home_improvement,0,0.5048,0.5543056629186571,1
A00-01429,0,EU,Majority,53,81868.03,5.68,0.255,0.74,1,0,20582.2,home_improvement,0,0.5051,0.4716886814937803,0
A00-01430,0,US,Minority,23,56365.4,0.83,0.489,5.39,0,0,15089.89,auto,0,0.4409,0.313893384476418,0
A00-01431,0,EU,Majority,45,55314.94,5.59,0.265,4.32,1,0,26999.53,personal,0,0.3844,0.37094369111291675,0
A00-01432,0,US,Majority,52,58185.07,8.63,0.135,13.63,0,0,24053.66,personal,1,0.7939,0.8203788095442193,1
A00-01433,0,US,Majority,40,64696.8,4.68,0.427,10.14,2,0,16161.01,auto,0,0.4805,0.4418163786178334,0
A00-01434,0,US,Majority,45,84526.73,10.29,0.261,12.56,1,0,11935.5,personal,1,0.806,0.7826156495661513,1
A00-01435,0,US,Minority,58,52251.93,7.34,0.503,5.38,3,1,28303.75,personal,0,0.0541,0.0679098494497138,0
A00-01436,0,US,Majority,60,63009.59,16.38,0.328,4.42,0,0,19938.43,home_improvement,0,0.5874,0.585214010705926,1
A00-01437,0,EU,Majority,38,79334.12,3.56,0.297,4.29,1,0,31521.58,personal,0,0.4976,0.4673332206735375,0
A00-01438,0,US,Minority,33,57722.87,8.15,0.539,8.16,0,0,24935.67,personal,0,0.4588,0.4040279259523931,0
A00-01439,0,US,Minority,29,82717.5,2.08,0.219,14.34,1,0,35969.06,personal,1,0.7739,0.8093284923917847,1
A00-01440,0,US,Majority,50,51029.38,4.95,0.502,10.15,0,0,19279.45,personal,1,0.4874,0.4474326659612737,0
A00-01441,0,US,Majority,24,46909.09,7.6,0.253,7.0,1,0,26450.04,personal,1,0.4173,0.4090776823841659,0
A00-01442,0,US,Majority,36,74287.95,8.45,0.349,7.74,2,0,33257.34,personal,1,0.4505,0.47282423116032263,0
A00-01443,0,EU,Majority,40,76181.48,4.44,0.351,8.37,1,0,19701.08,auto,1,0.6326,0.5764834556101943,1
A00-01444,0,US,Majority,33,52065.77,10.94,0.279,16.61,0,0,34504.04,personal,1,0.752,0.8057873294361552,1
A00-01445,0,EU,Majority,42,94028.31,12.31,0.239,13.43,4,0,17367.72,personal,0,0.6579,0.6947680444175088,1
A00-01446,0,US,Minority,67,98073.8,3.59,0.331,8.14,1,0,16165.76,home_improvement,0,0.7417,0.7352505195460992,1
A00-01447,0,US,Majority,38,56570.77,5.05,0.208,8.94,2,0,10062.04,personal,0,0.4928,0.4601863845288347,0
A00-01448,0,EU,Majority,34,96758.71,4.72,0.565,9.7,3,0,25799.02,auto,0,0.4781,0.4457001841711355,0
A00-01449,0,US,Majority,50,23239.49,4.0,0.272,10.48,2,1,22027.76,auto,0,0.1191,0.15768249546630403,0
A00-01450,0,US,Minority,42,81946.13,11.87,0.514,5.45,1,0,33324.36,auto,0,0.5042,0.4668112219754077,0
A00-01451,0,EU,Majority,55,52202.51,11.79,0.453,5.12,0,0,24050.53,personal,0,0.4126,0.37389512997982516,0
A00-01452,0,EU,Minority,41,80045.38,4.82,0.419,11.23,3,0,23163.46,home_improvement,0,0.4751,0.5354093318719659,0
A00-01453,0,EU,Minority,36,43235.76,8.12,0.359,7.19,1,0,12476.65,personal,0,0.3815,0.3280553392354353,0
A00-01454,0,US,Majority,21,67198.74,10.23,0.353,12.29,0,0,16891.25,auto,1,0.7759,0.7262840832330638,1
A00-01455,0,EU,Majority,21,53107.8,6.52,0.399,15.08,1,0,30631.07,auto,1,0.6133,0.6414078555734741,1
A00-01456,0,EU,Majority,21,64436.27,4.59,0.342,10.58,2,0,33023.32,home_improvement,0,0.4664,0.5435304132107102,0
A00-01457,0,EU,Majority,43,103268.56,3.42,0.142,9.93,1,1,24494.84,auto,1,0.6587,0.6636189642211654,1
A00-01458,0,US,Minority,24,59449.18,8.58,0.157,19.9,3,0,39024.37,personal,1,0.6648,0.7978264690548849,1
A00-01459,0,US,Majority,53,108595.73,2.22,0.511,9.33,0,0,16317.38,personal,1,0.7888,0.7081840472781934,1
A00-01460,0,US,Minority,39,54169.56,4.67,0.059,2.74,0,0,24816.83,auto,1,0.59,0.5430872641545643,0
A00-01461,0,US,Majority,36,96843.53,4.17,0.353,7.38,2,0,29581.24,personal,1,0.5732,0.5547892896644718,1
A00-01462,0,EU,Majority,30,37611.84,2.12,0.302,14.71,2,0,39586.21,home_improvement,0,0.3941,0.5589638760196866,1
A00-01463,0,US,Majority,46,63056.33,5.31,0.349,3.32,0,0,24558.76,home_improvement,0,0.4796,0.46022684631804983,0
A00-01464,0,US,Majority,30,58313.91,4.98,0.193,5.49,1,0,11081.34,personal,1,0.5139,0.4338848744578733,0
A00-01465,0,US,Majority,28,97716.41,2.95,0.372,12.93,4,0,39279.38,personal,1,0.4919,0.5763894552449401,1
A00-01466,0,US,Majority,52,72019.73,11.61,0.355,7.41,1,0,40949.65,home_improvement,0,0.5336,0.6287196633649884,1
A00-01467,0,US,Majority,43,28826.42,8.62,0.661,8.06,1,0,22579.58,personal,0,0.1753,0.16183602326522503,0
A00-01468,0,US,Minority,36,36607.54,5.74,0.391,11.39,1,0,16313.58,personal,1,0.4072,0.39407813238720235,0
A00-01469,0,US,Majority,46,49259.42,9.39,0.492,5.63,0,0,30984.66,personal,0,0.3572,0.33654490900354245,0
A00-01470,0,EU,Minority,39,79246.96,10.69,0.195,1.23,1,0,46450.12,personal,1,0.4682,0.4955323897266837,0
A00-01471,0,US,Majority,43,83795.14,11.91,0.452,2.94,1,0,38436.37,personal,0,0.4269,0.4087058596493079,0
A00-01472,0,US,Majority,30,62792.41,3.55,0.357,10.83,4,0,9642.4,auto,0,0.3522,0.3306806349432523,0
A00-01473,0,US,Majority,62,58078.31,9.39,0.362,9.54,0,0,30119.41,auto,1,0.6301,0.6435927904115321,1
A00-01474,0,US,Majority,33,82111.38,5.0,0.364,5.73,3,0,31268.9,personal,0,0.3393,0.34300551088163256,0
A00-01475,0,US,Majority,56,47039.06,6.38,0.535,3.86,0,0,15291.64,auto,0,0.3464,0.2591384017237742,0
A00-01476,0,US,Majority,37,77195.71,3.67,0.361,7.42,0,0,38827.28,personal,1,0.6037,0.6000800770159119,1
A00-01477,0,US,Minority,48,68577.84,5.58,0.281,11.57,3,0,31660.06,auto,1,0.4922,0.5653867228532837,1
A00-01478,0,US,Majority,47,63282.8,9.47,0.256,5.16,2,0,36801.04,personal,0,0.3624,0.40962663421109324,0
A00-01479,0,EU,Majority,52,76055.88,13.65,0.428,5.85,1,0,19729.13,home_improvement,1,0.546,0.5394955771134311,0
A00-01480,0,US,Majority,30,70439.79,5.24,0.384,3.74,2,0,27190.01,home_improvement,1,0.3288,0.33359160322389836,0
A00-01481,0,US,Majority,51,77950.97,3.01,0.146,7.03,0,0,17739.86,auto,1,0.7826,0.7355643572064873,1
A00-01482,0,EU,Majority,59,43152.06,14.8,0.392,9.85,2,1,28590.3,auto,0,0.158,0.2138969040643251,0
A00-01483,0,US,Majority,36,80175.54,3.46,0.2,16.96,2,0,36264.75,auto,1,0.7867,0.8439468394953641,1
A00-01484,0,US,Majority,39,88005.43,1.6,0.383,9.37,2,0,13384.36,personal,1,0.5832,0.5189408908782193,0
A00-01485,0,US,Majority,33,74598.08,3.87,0.233,8.29,3,1,15997.25,auto,1,0.2453,0.24785422398514353,0
A00-01486,0,US,Minority,35,72923.1,0.9,0.341,10.55,2,0,32925.59,home_improvement,1,0.503,0.5823109935732266,1
A00-01487,0,US,Majority,58,66411.53,10.39,0.265,11.28,2,0,26073.53,home_improvement,1,0.5884,0.6846861221621032,1
A00-01488,0,EU,Minority,28,78435.32,1.35,0.557,4.79,1,0,39522.28,auto,1,0.373,0.3326953628956522,0
A00-01489,0,EU,Majority,29,69739.7,3.3,0.378,17.71,1,0,18018.72,auto,0,0.7841,0.7784590673509972,1
A00-01490,0,EU,Majority,57,46689.12,2.49,0.481,8.4,0,0,25470.07,personal,1,0.3972,0.380683796149893,0
A00-01491,0,US,Minority,46,77084.11,6.02,0.722,8.05,3,0,28989.79,personal,0,0.2117,0.20644682067790812,0
A00-01492,0,US,Majority,62,37451.22,13.65,0.336,10.71,0,0,27439.63,auto,1,0.5729,0.6084528083273888,1
A00-01493,0,US,Minority,34,66872.82,7.43,0.555,8.48,0,0,10170.03,home_improvement,0,0.5737,0.4986930952226861,0
A00-01494,0,US,Majority,40,61199.77,2.19,0.246,14.6,1,0,52255.59,home_improvement,1,0.6318,0.7881427873932395,1
A00-01495,0,US,Majority,32,59985.61,17.75,0.481,6.14,2,0,25336.0,home_improvement,1,0.3361,0.36208781255957506,0
A00-01496,0,US,Minority,41,64767.79,6.91,0.278,10.23,2,0,16672.79,personal,0,0.5318,0.5249774494679254,0
A00-01497,0,US,Majority,21,55023.52,9.79,0.328,9.16,1,0,30148.49,auto,0,0.5297,0.5252972671558551,0
A00-01498,0,US,Majority,47,78231.91,1.85,0.394,12.43,2,0,32719.07,auto,1,0.5863,0.6243284458930562,1
A00-01499,0,US,Majority,43,69579.14,16.06,0.413,7.64,1,0,36558.1,auto,0,0.5499,0.567602803716391,1
A00-01500,0,EU,Majority,38,56771.41,4.39,0.177,7.1,1,0,32230.7,personal,1,0.4939,0.5199740131931256,0
A00-01501,0,US,Minority,35,86925.41,1.73,0.271,10.03,0,0,24804.79,auto,1,0.8092,0.7738297653222529,1
A00-01502,0,EU,Majority,29,72390.87,6.47,0.403,9.93,0,0,11156.27,personal,0,0.6951,0.6030027953654284,1
A00-01503,0,US,Majority,47,80485.22,9.78,0.286,5.22,2,0,28861.59,auto,0,0.5239,0.5145377209497971,0
A00-01504,0,US,Minority,26,88415.19,8.1,0.207,12.48,2,0,13386.75,home_improvement,1,0.7821,0.7923591179781754,1
A00-01505,0,US,Majority,45,95103.39,8.02,0.321,11.43,0,0,39963.35,auto,1,0.8389,0.8500910342587243,1
A00-01506,0,US,Minority,62,72515.92,7.68,0.361,6.8,1,0,20243.09,personal,0,0.5347,0.5050882955718458,0
A00-01507,0,US,Majority,55,62749.49,6.12,0.351,6.63,2,0,34511.88,personal,1,0.3362,0.3786054647833806,0
A00-01508,0,US,Majority,22,41335.63,1.84,0.394,9.96,1,0,20352.26,auto,1,0.4128,0.3742116956122724,0
A00-01509,0,EU,Minority,33,65427.12,4.95,0.431,9.74,2,0,21714.15,auto,1,0.4588,0.4314473190606473,0
A00-01510,0,US,Majority,44,89297.1,4.52,0.238,2.12,1,0,19798.98,personal,0,0.575,0.48802548672175317,0
A00-01511,0,US,Majority,38,75231.98,11.94,0.281,10.0,4,0,33477.28,auto,0,0.4269,0.5054322377296421,0
A00-01512,0,EU,Majority,24,18000.0,10.4,0.441,11.11,2,0,18495.73,home_improvement,0,0.2255,0.2713994955557242,0
A00-01513,0,US,Minority,43,78031.18,4.14,0.31,0.5,3,0,31264.33,personal,0,0.2285,0.21830473813985812,0
A00-01514,0,EU,Minority,39,79198.48,8.9,0.328,7.88,0,0,22067.49,auto,0,0.7437,0.688232748571399,1
A00-01515,0,US,Majority,60,62776.78,5.4,0.149,11.28,1,0,25256.03,home_improvement,1,0.6922,0.7670100121219171,1
A00-01516,0,US,Majority,36,87278.87,1.61,0.327,10.82,0,0,26430.77,auto,1,0.801,0.7690041372006919,1
A00-01517,0,US,Minority,52,73431.34,0.84,0.416,10.31,1,0,26387.97,home_improvement,1,0.5699,0.6106608495605973,1
A00-01518,0,US,Majority,25,55475.37,8.28,0.093,7.19,2,0,16350.26,auto,0,0.5483,0.5214364937380196,0
A00-01519,0,EU,Majority,28,92654.72,2.71,0.202,4.34,0,0,32344.08,auto,0,0.7483,0.6936297025376108,1
A00-01520,0,US,Majority,47,44417.94,2.71,0.159,1.3,0,0,21779.05,personal,1,0.3887,0.33698592664403465,0
A00-01521,0,US,Majority,51,67412.35,3.52,0.425,12.87,1,0,32767.38,personal,1,0.5692,0.6131614396804587,1
A00-01522,0,US,Minority,28,58516.96,8.39,0.146,9.91,2,0,26599.62,personal,1,0.5374,0.5748536518401967,1
A00-01523,0,EU,Minority,39,45816.68,10.48,0.366,11.77,1,0,29299.49,auto,0,0.5231,0.5562260162711962,1
A00-01524,0,EU,Minority,24,67272.08,10.35,0.461,4.2,0,0,26175.85,personal,1,0.4679,0.3845709592126143,0
A00-01525,0,EU,Majority,37,93397.01,1.46,0.353,11.72,1,0,22318.8,personal,1,0.7444,0.7166887627622702,1
A00-01526,0,EU,Majority,48,92207.1,3.42,0.277,2.49,0,0,27942.0,home_improvement,1,0.6629,0.6364497931476486,1
A00-01527,0,EU,Majority,34,82249.62,3.05,0.372,5.02,1,0,25624.53,personal,0,0.5072,0.4436618794261749,0
A00-01528,0,US,Majority,36,36277.47,8.39,0.454,9.0,3,0,38133.93,personal,0,0.1512,0.20405155077574272,0
A00-01529,0,EU,Majority,27,43116.91,3.46,0.317,11.15,1,0,25731.05,auto,0,0.4912,0.494321635209637,0
A00-01530,0,US,Majority,32,71657.21,5.16,0.061,15.22,1,1,12997.07,personal,1,0.6348,0.6659284701368368,1
A00-01531,0,US,Majority,58,67849.53,8.84,0.468,7.54,0,0,23525.3,auto,0,0.599,0.5494395981559914,0
A00-01532,0,EU,Majority,40,59036.48,5.8,0.378,5.04,2,0,15241.02,personal,1,0.3104,0.26345499717848964,0
A00-01533,0,US,Minority,28,97701.14,6.89,0.371,3.43,0,0,36204.06,auto,1,0.6868,0.6170163239954952,1
A00-01534,0,US,Majority,36,70511.34,5.04,0.092,5.75,1,0,35338.15,auto,1,0.6321,0.6456645745483561,1
A00-01535,0,US,Majority,21,78805.84,9.86,0.294,17.38,4,0,28796.95,auto,1,0.6348,0.7130131342097492,1
A00-01536,0,US,Minority,28,80269.98,10.43,0.27,10.13,1,0,30521.77,personal,0,0.6976,0.7031711987716851,1
A00-01537,0,EU,Minority,54,62544.21,7.67,0.229,11.55,0,1,22303.15,auto,1,0.5154,0.5458098637107216,0
A00-01538,0,US,Minority,37,110730.18,10.45,0.359,6.14,1,0,34002.09,personal,1,0.7256,0.6970758026191759,1
A00-01539,0,EU,Majority,60,50632.93,21.07,0.266,8.49,0,0,31738.56,auto,1,0.6599,0.69464664170668,1
A00-01540,0,US,Minority,38,49984.64,8.75,0.319,9.9,3,0,32555.51,personal,0,0.2888,0.35878085990335234,0
A00-01541,0,EU,Majority,39,50586.31,5.52,0.419,6.48,1,0,25469.81,personal,0,0.3325,0.31155382487575073,0
A00-01542,0,US,Majority,46,98190.51,6.99,0.361,7.33,0,0,18250.16,personal,0,0.7774,0.7074047734901145,1
A00-01543,0,EU,Majority,21,83739.63,11.07,0.271,5.8,2,0,36531.0,personal,1,0.5093,0.518220066595849,0
A00-01544,0,US,Majority,41,58161.11,4.36,0.255,6.71,0,0,37518.57,personal,1,0.5291,0.5477986626505017,0
A00-01545,0,US,Majority,38,52086.35,4.13,0.275,8.7,1,0,34131.88,personal,0,0.4439,0.48209198042838425,0
A00-01546,0,US,Majority,55,94812.92,6.92,0.3,5.21,0,0,44413.91,home_improvement,1,0.704,0.7530351013267963,1
A00-01547,0,US,Minority,50,68372.07,5.45,0.445,8.24,0,0,27154.68,auto,1,0.6064,0.5667813730207278,1
A00-01548,0,US,Majority,27,95297.94,3.03,0.205,9.64,1,0,20883.46,auto,1,0.8115,0.771957718831234,1
A00-01549,0,EU,Majority,53,67357.16,6.29,0.505,7.78,2,0,19230.47,personal,0,0.3512,0.3251587745682068,0
A00-01550,0,EU,Majority,36,78219.17,12.38,0.4,5.19,1,0,41500.72,personal,1,0.4724,0.48561773946170217,0
A00-01551,0,EU,Majority,29,74204.33,7.52,0.02,8.92,0,0,8331.98,home_improvement,1,0.8532,0.8354849748631732,1
A00-01552,0,US,Majority,41,56641.88,2.61,0.34,6.48,1,0,36344.34,personal,0,0.3682,0.3886829653064164,0
A00-01553,0,US,Majority,37,65761.26,8.24,0.455,8.69,1,0,20463.54,home_improvement,0,0.5095,0.5111251465144743,0
A00-01554,0,EU,Majority,56,45998.24,4.78,0.377,12.89,1,0,43234.02,auto,1,0.4805,0.586747815691406,1
A00-01555,0,EU,Minority,43,70888.03,17.19,0.326,2.09,2,1,28943.57,personal,0,0.1475,0.1571317231568347,0
A00-01556,0,US,Minority,41,75963.73,7.86,0.368,15.79,1,0,32179.84,auto,1,0.7702,0.8016800644744784,1
A00-01557,0,EU,Majority,49,87313.06,3.85,0.351,8.21,1,0,49689.15,auto,0,0.6159,0.6702014688004058,1
A00-01558,0,US,Majority,51,81164.35,8.61,0.422,10.15,2,0,23365.54,home_improvement,1,0.5648,0.6111297389879687,1
A00-01559,0,EU,Minority,48,59064.01,6.56,0.205,4.09,3,0,21934.47,auto,1,0.3172,0.3162461888759479,0
A00-01560,0,EU,Minority,55,90987.44,11.71,0.302,11.67,1,0,17314.17,personal,1,0.7981,0.7858092853913474,1
A00-01561,0,EU,Majority,46,85453.86,4.12,0.527,8.0,1,0,16622.13,auto,1,0.5929,0.49956652592666145,0
A00-01562,0,US,Minority,41,87882.38,7.85,0.379,5.52,3,0,21692.01,personal,0,0.3991,0.36963026921900877,0
A00-01563,0,EU,Minority,53,89074.45,1.84,0.558,4.8,0,0,20676.5,personal,0,0.5431,0.4323281909776978,0
A00-01564,0,US,Minority,38,59113.61,6.12,0.733,6.03,3,1,14079.59,auto,0,0.0561,0.0458420215667056,0
A00-01565,0,EU,Majority,39,75869.71,2.56,0.271,10.17,0,0,27727.43,personal,1,0.7266,0.7131015569905271,1
A00-01566,0,US,Majority,58,83216.74,6.43,0.186,9.19,2,0,28515.62,home_improvement,0,0.6558,0.7318147287818646,1
A00-01567,0,EU,Majority,57,46666.31,7.3,0.298,8.34,1,0,19208.17,home_improvement,0,0.4633,0.5099763866854138,0
A00-01568,0,EU,Majority,39,47087.51,7.67,0.462,5.65,0,0,25665.61,personal,0,0.3658,0.3227607372090501,0
A00-01569,0,US,Majority,34,43813.08,4.11,0.479,5.42,0,0,36987.23,personal,0,0.2905,0.28057008151381024,0
A00-01570,0,US,Majority,55,66446.1,6.23,0.603,6.66,2,0,15748.11,personal,0,0.2813,0.23625611647006522,0
A00-01571,0,EU,Majority,48,62166.98,10.89,0.326,10.34,2,0,41399.86,personal,1,0.4432,0.5434852660509133,0
A00-01572,0,US,Majority,42,41222.26,14.5,0.389,11.15,0,1,17344.06,personal,0,0.2926,0.3041574552395615,0
A00-01573,0,US,Minority,35,64337.81,6.36,0.29,10.29,1,0,29273.43,home_improvement,0,0.6003,0.6588169725558403,1
A00-01574,0,US,Majority,43,66683.24,11.06,0.029,8.49,2,0,37916.64,personal,0,0.5997,0.6881641667449195,1
A00-01575,0,US,Majority,39,90962.56,3.21,0.325,10.03,1,1,40663.57,personal,0,0.395,0.4610488166833336,0
A00-01576,0,EU,Minority,32,99746.6,4.53,0.237,6.43,0,0,35957.6,personal,0,0.774,0.7504729408070856,1
A00-01577,0,EU,Minority,40,70172.56,6.79,0.452,0.5,1,0,22200.06,personal,1,0.3039,0.2281462791740212,0
A00-01578,0,US,Minority,42,48264.02,5.48,0.149,6.24,0,0,18400.13,home_improvement,0,0.5893,0.5961779031577134,1
A00-01579,0,US,Minority,35,73787.76,5.13,0.286,5.6,1,0,18507.28,home_improvement,1,0.5649,0.5431487921249025,0
A00-01580,0,US,Minority,49,61676.76,10.4,0.407,2.94,1,0,44462.09,personal,0,0.2964,0.32512902937321203,0
A00-01581,0,US,Majority,53,63937.62,2.86,0.375,6.23,1,0,26038.83,personal,1,0.4169,0.3985923942160666,0
A00-01582,0,EU,Majority,50,52129.58,3.07,0.324,9.04,2,0,29058.56,home_improvement,0,0.3628,0.45047167745917993,0
A00-01583,0,US,Majority,36,59679.82,2.28,0.554,3.97,1,0,18712.67,auto,0,0.3018,0.2194712117919343,0
A00-01584,0,US,Majority,47,65121.97,6.91,0.518,5.66,1,0,16466.41,auto,0,0.4202,0.3366429319316502,0
A00-01585,0,EU,Minority,40,76777.83,4.77,0.293,13.29,3,0,25041.23,personal,0,0.553,0.6037765944291384,1
A00-01586,0,US,Majority,25,78209.49,9.83,0.523,2.09,1,0,27372.91,auto,1,0.3944,0.3019660372970989,0
A00-01587,0,EU,Majority,46,103185.95,6.56,0.541,7.77,2,0,27963.31,personal,1,0.5359,0.500526289946828,0
A00-01588,0,US,Majority,41,81312.42,4.05,0.315,3.83,1,0,14888.41,personal,1,0.5362,0.4368252480607942,0
A00-01589,0,US,Majority,68,76561.6,3.65,0.335,5.49,0,0,27597.51,auto,1,0.6369,0.6018727579101851,1
A00-01590,0,US,Majority,55,62681.62,0.84,0.324,7.71,1,0,39377.23,personal,1,0.429,0.4799760885163157,0
A00-01591,0,EU,Majority,47,48788.2,5.27,0.253,4.55,0,0,16034.02,auto,1,0.5217,0.44443460230382054,0
A00-01592,0,EU,Minority,42,50672.02,2.59,0.31,9.4,1,0,33974.79,auto,1,0.4714,0.5034730297799377,0
A00-01593,0,US,Majority,41,55203.07,10.54,0.488,13.9,0,0,3000.0,auto,0,0.722,0.6407356024329924,1
A00-01594,0,US,Minority,28,18000.0,4.62,0.427,10.47,0,0,16576.69,auto,0,0.3764,0.3352415162378359,0
A00-01595,0,US,Minority,21,42336.0,1.99,0.308,11.2,1,0,7422.03,personal,1,0.4902,0.42565737434760453,0
A00-01596,0,EU,Majority,29,98941.99,11.75,0.219,2.98,1,1,36872.97,auto,0,0.4188,0.414146301266116,0
A00-01597,0,EU,Majority,38,75503.4,5.32,0.239,7.53,1,0,37327.7,home_improvement,1,0.6015,0.6693496005254134,1
A00-01598,0,EU,Minority,21,54346.05,8.21,0.355,8.97,3,0,14641.31,personal,1,0.314,0.2944739823003932,0
A00-01599,0,EU,Majority,33,76071.12,4.09,0.44,11.98,1,0,28177.69,home_improvement,1,0.6269,0.6633473679863016,1
A00-01600,0,US,Minority,36,24385.31,11.98,0.272,14.11,0,0,35066.75,home_improvement,1,0.5593,0.6870944322662046,1
A00-01601,0,EU,Majority,37,73859.86,3.33,0.438,12.78,0,0,40910.91,auto,1,0.7053,0.7273650846490202,1
A00-01602,0,EU,Majority,32,92772.35,4.77,0.354,12.09,2,0,26380.02,personal,1,0.6749,0.6762406753012186,1
A00-01603,0,US,Minority,35,59198.8,1.53,0.392,17.63,2,0,9938.66,auto,1,0.657,0.6475862258361019,1
A00-01604,0,EU,Majority,58,34832.2,11.81,0.453,8.89,1,0,17786.44,personal,0,0.3273,0.3259550721688947,0
A00-01605,0,US,Majority,46,60635.13,3.76,0.431,7.34,2,0,34028.34,personal,0,0.2928,0.3189009162246303,0
A00-01606,0,EU,Minority,33,85805.98,7.01,0.206,7.81,2,0,44462.19,personal,1,0.5689,0.6346202368713926,1
A00-01607,0,EU,Majority,38,73413.96,7.61,0.2,4.84,0,0,24755.73,auto,1,0.6957,0.6402507000276447,1
A00-01608,0,EU,Majority,39,41552.11,10.73,0.302,8.77,0,0,19761.2,auto,1,0.5739,0.5407214274535811,0
A00-01609,0,US,Majority,31,113484.95,6.7,0.373,1.59,2,0,52109.28,personal,1,0.47,0.4803688106840223,0
A00-01610,0,US,Majority,31,44677.64,5.52,0.494,6.38,0,0,29353.95,personal,1,0.3337,0.299414670257915,0
A00-01611,0,EU,Minority,50,56884.43,10.1,0.383,6.64,1,0,16954.88,personal,0,0.4379,0.39662530258922485,0
A00-01612,0,EU,Minority,34,41789.67,7.53,0.579,10.9,0,0,24611.95,personal,0,0.403,0.3769987840436589,0
A00-01613,0,US,Majority,27,48815.96,5.0,0.245,12.94,1,0,35078.09,personal,0,0.5525,0.6181605723716462,1
A00-01614,0,EU,Minority,39,52909.13,12.12,0.31,3.25,2,1,23225.45,personal,0,0.1086,0.11355263479232405,0
A00-01615,0,US,Majority,40,80586.85,7.88,0.293,16.8,1,0,32360.33,personal,1,0.8055,0.8448502579031664,1
A00-01616,0,EU,Majority,21,93020.1,2.43,0.232,9.09,1,0,14577.65,personal,1,0.7613,0.6926618320942836,1
A00-01617,0,EU,Majority,39,61162.8,13.36,0.469,9.46,3,1,10910.73,auto,0,0.1632,0.15963569930621171,0
A00-01618,0,US,Minority,49,42307.27,4.02,0.043,0.63,2,0,20613.4,auto,0,0.2981,0.2814611337933929,0
A00-01619,0,US,Majority,44,77594.15,10.7,0.27,6.02,1,0,22459.66,auto,0,0.6479,0.6046098250123367,1
A00-01620,0,EU,Majority,64,78151.31,2.02,0.468,12.7,2,0,26530.22,personal,1,0.5253,0.5614918919228311,1
A00-01621,0,EU,Majority,53,73067.15,10.07,0.293,9.18,1,0,33265.95,personal,0,0.6132,0.649802269406129,1
A00-01622,0,EU,Minority,55,66739.06,2.54,0.504,7.53,2,1,45254.96,personal,0,0.103,0.14825641214400068,0
A00-01623,0,US,Majority,70,66361.24,6.59,0.594,9.41,2,0,20451.34,personal,0,0.3372,0.3338277819746809,0
A00-01624,0,EU,Majority,47,70364.87,7.75,0.34,2.73,1,0,22083.01,personal,1,0.4216,0.3622548061857167,0
A00-01625,0,US,Minority,41,58048.63,5.07,0.515,6.71,5,0,17922.7,auto,0,0.1234,0.12273437043216937,0
A00-01626,0,US,Majority,50,88834.63,5.93,0.62,14.13,1,1,38704.11,personal,1,0.3454,0.41427343277683276,0
A00-01627,0,US,Majority,33,110840.73,2.94,0.378,12.85,1,0,36943.33,personal,1,0.8103,0.8172118424734266,1
A00-01628,0,EU,Majority,40,71913.41,9.47,0.324,8.0,3,0,23325.91,personal,0,0.3948,0.4078738408932156,0
A00-01629,0,EU,Majority,32,68375.13,6.8,0.438,14.75,2,0,42036.59,personal,0,0.5136,0.6088121477916905,1
A00-01630,0,EU,Majority,43,73361.37,3.32,0.472,3.46,0,1,21026.95,auto,0,0.2449,0.18858747138105178,0
A00-01631,0,EU,Minority,32,48999.49,6.96,0.37,3.21,0,0,33818.31,personal,1,0.3419,0.3137736187802481,0
A00-01632,0,US,Majority,31,83034.59,7.09,0.272,15.95,1,0,35788.78,personal,1,0.8006,0.8394338559036216,1
A00-01633,0,US,Minority,44,69882.35,6.1,0.581,9.41,1,0,16504.87,auto,0,0.5095,0.4327562922314885,0
A00-01634,0,US,Minority,37,53511.07,0.85,0.343,5.94,0,0,30865.63,personal,0,0.431,0.4047418775637783,0
A00-01635,0,US,Majority,21,85639.27,4.62,0.473,8.28,2,0,7778.78,personal,0,0.5195,0.4031451063934914,0
A00-01636,0,US,Majority,23,68860.81,9.39,0.362,5.27,0,0,35569.41,auto,1,0.5762,0.5330593445442661,0
A00-01637,0,EU,Minority,26,43068.92,8.0,0.594,8.21,0,0,16096.1,personal,0,0.3606,0.28169125793757127,0
A00-01638,0,EU,Majority,29,75180.48,7.86,0.228,9.29,3,0,28147.22,home_improvement,1,0.5011,0.5827228254825676,1
A00-01639,0,EU,Minority,44,66002.86,6.77,0.273,7.18,2,0,34380.28,auto,1,0.4584,0.4925164089017313,0
A00-01640,0,US,Minority,41,79747.94,10.01,0.478,2.46,2,0,36899.69,personal,1,0.2874,0.27689897105149386,0
A00-01641,0,US,Majority,51,84299.39,4.0,0.194,9.56,2,1,37606.1,personal,0,0.335,0.433078621842847,0
A00-01642,0,US,Majority,47,66424.7,3.46,0.344,6.38,1,0,27312.76,personal,1,0.4531,0.4364041750391847,0
A00-01643,0,US,Majority,51,59530.35,15.27,0.516,4.56,1,0,19778.02,auto,0,0.3902,0.32929492500565116,0
A00-01644,0,US,Majority,46,68533.13,3.73,0.116,13.57,2,0,27952.54,personal,1,0.6798,0.7434986288770341,1
A00-01645,0,US,Majority,41,75402.87,2.37,0.378,17.18,1,0,19540.74,auto,1,0.7934,0.7937659531351164,1
A00-01646,0,US,Majority,51,77691.33,5.01,0.475,16.27,0,0,21972.92,personal,1,0.7887,0.7856671375372152,1
A00-01647,0,EU,Minority,49,67226.83,6.24,0.372,9.7,1,0,25126.22,auto,1,0.5934,0.5828500953800922,1
A00-01648,0,US,Minority,43,59775.52,10.05,0.264,6.04,3,0,19444.94,home_improvement,0,0.3367,0.3829128516925072,0
A00-01649,0,US,Minority,53,80439.52,4.63,0.343,6.82,1,1,12945.12,personal,0,0.3218,0.28573279637171556,0
A00-01650,0,US,Majority,21,55688.26,4.6,0.229,10.12,0,0,17098.7,personal,1,0.6679,0.6187085400210054,1
A00-01651,0,US,Majority,36,115608.67,5.89,0.338,6.82,0,0,3000.0,auto,1,0.8834,0.7801041774752097,1
A00-01652,0,US,Majority,36,82998.34,4.13,0.297,13.78,1,0,20492.25,auto,1,0.8012,0.7873835797288259,1
A00-01653,0,US,Majority,52,47077.78,2.04,0.268,0.5,0,0,27046.1,personal,0,0.3134,0.2718485656625153,0
A00-01654,0,EU,Minority,56,65019.36,2.51,0.431,5.92,2,0,6148.28,auto,0,0.3881,0.3021010231840564,0
A00-01655,0,US,Majority,23,83180.99,11.6,0.519,11.7,1,0,26770.71,auto,1,0.6814,0.6455348958513162,1
A00-01656,0,EU,Majority,55,61861.99,8.84,0.369,5.12,1,0,26131.63,home_improvement,1,0.4266,0.45666168648125577,0
A00-01657,0,US,Minority,26,33092.26,5.77,0.536,6.14,0,0,15610.82,auto,1,0.3148,0.2316457210614054,0
A00-01658,0,US,Majority,26,48757.79,7.99,0.519,10.87,0,0,23299.79,auto,1,0.531,0.4808188956725419,0
A00-01659,0,US,Majority,36,78799.77,9.0,0.26,14.57,2,0,32014.08,personal,1,0.7032,0.759576219628841,1
A00-01660,0,US,Majority,35,35162.29,3.86,0.363,3.32,2,0,14752.45,personal,1,0.1682,0.13869987885023666,0
A00-01661,0,US,Majority,22,40962.45,2.92,0.279,3.03,2,0,27721.46,auto,0,0.219,0.2008647796344758,0
A00-01662,0,EU,Minority,46,71699.86,10.93,0.197,3.32,3,0,29727.71,auto,0,0.3776,0.39383874927594814,0
A00-01663,0,US,Majority,46,64271.56,1.05,0.373,2.35,3,0,16420.67,home_improvement,1,0.2075,0.20093829862090593,0
A00-01664,0,EU,Minority,51,48280.17,8.06,0.249,1.23,1,0,31699.74,personal,0,0.2805,0.2790392891492067,0
A00-01665,0,US,Minority,34,52100.09,6.54,0.433,3.21,1,0,30656.77,personal,0,0.2555,0.23097985951182218,0
A00-01666,0,US,Minority,39,33554.54,10.32,0.188,12.03,2,0,23895.29,personal,1,0.4245,0.49667444198061594,0
A00-01667,0,US,Majority,39,77704.62,8.24,0.351,7.25,2,0,47163.09,personal,0,0.4204,0.49337788268468147,0
A00-01668,0,US,Majority,58,53175.67,7.96,0.142,8.63,0,0,33583.53,personal,0,0.6364,0.6846099730752422,1
A00-01669,0,US,Minority,21,51320.71,3.12,0.456,3.28,2,0,12272.18,personal,0,0.2011,0.14148115577793827,0
A00-01670,0,EU,Majority,28,75088.92,9.19,0.283,11.03,0,0,19860.27,personal,1,0.7756,0.7411436863544414,1
A00-01671,0,EU,Majority,39,63624.08,7.49,0.271,16.0,0,0,49685.73,personal,1,0.7554,0.8375393430436437,1
A00-01672,0,EU,Minority,27,48111.59,3.41,0.51,3.55,1,0,15883.55,personal,0,0.2295,0.1636991348256324,0
A00-01673,0,US,Majority,36,30700.67,6.57,0.291,15.4,1,0,24149.94,home_improvement,1,0.5313,0.636895502384396,1
A00-01674,0,EU,Minority,38,68481.09,2.68,0.388,8.56,3,0,35591.78,home_improvement,0,0.3116,0.40251671273206285,0
A00-01675,0,EU,Minority,32,63000.87,5.28,0.351,7.17,2,0,28946.22,personal,1,0.3607,0.3637155126927427,0
A00-01676,0,EU,Minority,40,51669.64,18.77,0.436,8.7,0,0,31782.83,auto,1,0.5701,0.5698126135752712,1
A00-01677,0,EU,Majority,46,48789.42,3.01,0.455,10.06,0,0,32756.74,personal,0,0.4504,0.4640131229864422,0
A00-01678,0,EU,Minority,36,61742.49,2.02,0.475,14.53,3,0,26291.89,home_improvement,0,0.39,0.4866632923995491,0
A00-01679,0,EU,Majority,34,77628.96,2.53,0.274,10.58,3,0,21450.78,auto,1,0.5418,0.5430775596659428,0
A00-01680,0,EU,Minority,37,63357.42,5.24,0.52,9.26,0,0,28049.9,personal,1,0.5115,0.47443493399173936,0
A00-01681,0,US,Minority,39,92623.24,8.59,0.265,5.41,3,0,23261.79,personal,0,0.489,0.4703950736631683,0
A00-01682,0,EU,Minority,21,74890.72,6.0,0.286,10.46,0,0,22798.95,home_improvement,1,0.7597,0.7568923278436736,1
A00-01683,0,US,Majority,44,66461.62,2.24,0.315,4.67,3,0,39406.33,home_improvement,0,0.2427,0.32484546440061773,0
A00-01684,0,EU,Majority,34,82527.3,8.52,0.456,8.94,1,1,21299.81,personal,1,0.3241,0.30344903292332326,0
A00-01685,0,EU,Majority,53,69424.58,1.39,0.19,20.03,1,0,43109.32,auto,1,0.8369,0.9036773704761307,1
A00-01686,0,US,Majority,46,69358.66,2.43,0.437,0.5,1,0,25808.24,auto,0,0.3181,0.24591328865367587,0
A00-01687,0,US,Majority,52,93130.91,4.02,0.323,9.43,1,0,22562.6,auto,1,0.7533,0.7232066472869717,1
A00-01688,0,US,Majority,28,51436.9,10.71,0.278,9.59,1,0,8835.11,personal,0,0.5636,0.5043682206087029,0
A00-01689,0,US,Majority,35,68942.88,6.14,0.462,7.59,2,0,45529.53,personal,1,0.3127,0.36554261116785997,0
A00-01690,0,US,Minority,25,84104.49,6.29,0.279,6.28,0,0,23597.6,personal,1,0.708,0.6383705236883164,1
A00-01691,0,EU,Minority,31,67370.82,2.27,0.649,7.47,3,0,3750.42,auto,0,0.2533,0.1701273461522449,0
A00-01692,0,EU,Majority,53,61487.99,4.29,0.309,7.49,0,0,34299.02,personal,1,0.5496,0.5640521515535524,1
A00-01693,0,EU,Minority,55,29082.96,9.83,0.393,7.99,1,0,23581.55,home_improvement,0,0.299,0.3580890917785108,0
A00-01694,0,US,Majority,26,25363.41,7.21,0.515,6.55,3,0,15481.3,home_improvement,0,0.1093,0.11754132245526737,0
A00-01695,0,US,Majority,34,107947.44,8.7,0.351,16.59,0,0,37995.59,personal,1,0.9101,0.921005934867728,1
A00-01696,0,US,Majority,38,74361.72,5.75,0.473,7.49,1,0,6105.57,home_improvement,1,0.5509,0.4758041618549376,0
A00-01697,0,EU,Minority,45,50402.61,9.89,0.141,9.38,2,0,17544.56,auto,1,0.5507,0.5649651501579723,1
A00-01698,0,US,Minority,21,68139.68,2.26,0.322,4.42,2,0,22020.94,auto,1,0.3858,0.32186082614042333,0
A00-01699,0,US,Minority,21,43494.19,5.16,0.423,10.83,1,1,31831.05,personal,1,0.1598,0.18947226960946179,0
A00-01700,0,US,Minority,44,55207.18,7.85,0.505,10.03,1,0,47507.87,personal,1,0.3561,0.43552297260826806,0
A00-01701,0,EU,Minority,21,43622.13,1.74,0.467,8.78,5,0,24272.22,home_improvement,0,0.0955,0.13077524776860738,0
A00-01702,0,US,Majority,34,41647.8,0.66,0.411,4.39,1,0,28313.75,auto,0,0.2536,0.2250564936669846,0
A00-01703,0,EU,Majority,41,28505.29,15.27,0.457,5.49,2,0,49113.31,auto,0,0.1511,0.20932396057254504,0
A00-01704,0,EU,Majority,44,38144.51,6.2,0.387,15.24,3,0,24775.58,personal,0,0.3171,0.4030130116563134,0
A00-01705,0,EU,Minority,37,80904.47,1.61,0.118,4.05,3,0,30056.75,personal,1,0.4073,0.4221435929868046,0
A00-01706,0,US,Majority,35,49749.24,6.1,0.503,11.06,4,0,17180.26,personal,0,0.1879,0.20097497134608025,0
A00-01707,0,US,Majority,48,78662.95,2.45,0.229,4.72,1,0,45443.89,auto,0,0.5433,0.5783196193335167,1
A00-01708,0,US,Minority,42,79676.3,3.12,0.413,11.13,1,0,21304.72,home_improvement,1,0.6548,0.6676872095559039,1
A00-01709,0,US,Majority,32,68815.01,10.92,0.352,5.75,0,0,29416.55,personal,1,0.5737,0.5314518209576666,0
A00-01710,0,EU,Minority,39,55827.22,4.09,0.381,3.25,1,0,30472.94,personal,0,0.2896,0.2662544135829223,0
A00-01711,0,US,Majority,43,71027.44,4.07,0.197,5.65,0,0,24811.4,personal,0,0.6467,0.6069235690713417,1
A00-01712,0,US,Minority,58,53584.21,2.4,0.142,4.88,1,0,21168.38,personal,0,0.4553,0.44623522705843877,0
A00-01713,0,US,Minority,48,84374.28,4.67,0.255,8.72,0,0,28603.57,personal,1,0.753,0.73957753433042,1
A00-01714,0,EU,Majority,52,104154.14,6.44,0.429,8.78,0,0,48193.51,personal,1,0.7432,0.7664102718538188,1
A00-01715,0,US,Minority,32,89046.42,4.09,0.201,2.72,0,0,43137.66,auto,1,0.6759,0.6513889629228649,1
A00-01716,0,EU,Majority,33,27620.3,17.54,0.224,8.39,0,0,21819.67,personal,0,0.5012,0.5044304371968837,0
A00-01717,0,US,Majority,36,60196.49,2.84,0.38,3.93,2,0,21800.34,home_improvement,1,0.2807,0.27942000542846,0
A00-01718,0,EU,Majority,37,68579.02,2.82,0.207,11.07,1,1,17286.16,home_improvement,0,0.4248,0.48094010811530546,0
A00-01719,0,EU,Minority,28,70298.1,4.55,0.31,10.41,2,0,50646.38,personal,0,0.4495,0.5550874834689076,1
A00-01720,0,US,Majority,53,35681.02,16.36,0.34,8.4,0,0,25382.03,auto,1,0.5184,0.525072350070957,0
A00-01721,0,US,Majority,49,35374.57,8.79,0.364,9.59,1,0,35471.28,personal,0,0.3347,0.4002215305471907,0
A00-01722,0,US,Minority,36,86329.01,4.0,0.249,14.11,0,0,35384.3,personal,1,0.8397,0.8571666554146061,1
A00-01723,0,US,Majority,46,57876.73,4.0,0.347,7.87,2,1,44496.29,personal,0,0.1225,0.18428521400299272,0
A00-01724,0,US,Majority,41,40239.28,2.76,0.378,4.72,1,0,24294.68,personal,1,0.2497,0.22866063735560416,0
A00-01725,0,EU,Majority,47,47530.82,4.46,0.177,10.82,0,1,14069.12,auto,0,0.4347,0.435333286964861,0
A00-01726,0,EU,Majority,24,75919.02,5.07,0.356,3.97,2,0,43216.99,auto,1,0.3627,0.36916691365070897,0
A00-01727,0,US,Minority,37,45871.59,8.55,0.289,6.26,3,0,33453.95,auto,0,0.2391,0.28008759552199214,0
A00-01728,0,EU,Majority,38,73090.89,7.52,0.345,6.1,1,0,28676.6,auto,0,0.5499,0.5155677893189742,0
A00-01729,0,US,Majority,46,49904.18,4.37,0.417,5.69,0,1,36296.77,auto,0,0.1788,0.19300612016415428,0
A00-01730,0,EU,Minority,32,28360.2,12.99,0.354,6.1,1,0,28881.14,auto,0,0.294,0.29672593607681075,0
A00-01731,0,US,Majority,21,95563.22,3.64,0.44,12.1,1,1,41253.02,home_improvement,0,0.4341,0.5298057564573991,0
A00-01732,0,EU,Minority,27,69065.61,1.99,0.47,11.52,1,0,29610.24,auto,1,0.5652,0.5464329134277179,0
A00-01733,0,EU,Majority,38,62158.73,6.63,0.439,12.2,1,0,31990.1,personal,0,0.5276,0.5580796566458494,1
A00-01734,0,US,Minority,40,51594.13,10.46,0.423,8.45,2,0,28401.18,auto,0,0.3526,0.36718987613775106,0
A00-01735,0,US,Minority,58,89333.11,5.61,0.507,6.07,1,0,28971.11,personal,0,0.5081,0.47210382925949856,0
A00-01736,0,US,Minority,45,72739.07,2.33,0.421,0.5,0,0,22081.14,personal,0,0.4012,0.29693550200665186,0
A00-01737,0,EU,Majority,40,90289.45,6.3,0.13,9.97,2,0,28684.28,home_improvement,1,0.7374,0.792819454575688,1
A00-01738,0,US,Majority,39,57409.84,6.79,0.235,0.5,1,0,29390.02,home_improvement,0,0.3383,0.3473659325127109,0
A00-01739,0,EU,Minority,51,62462.66,7.22,0.35,0.5,1,0,23056.59,home_improvement,0,0.3275,0.3107310295452587,0
A00-01740,0,EU,Majority,33,76141.78,6.38,0.32,7.85,0,0,29292.32,personal,1,0.6661,0.6344212339259686,1
A00-01741,0,EU,Majority,37,58048.69,11.26,0.373,9.56,1,0,31453.65,personal,1,0.4933,0.5175176366758557,0
A00-01742,0,US,Majority,27,66684.89,2.71,0.233,6.7,2,0,30812.55,personal,0,0.4176,0.4265496617621558,0
A00-01743,0,US,Minority,55,50411.4,0.41,0.616,13.24,2,0,28530.53,home_improvement,0,0.2951,0.37621087666965697,0
A00-01744,0,EU,Minority,43,69082.12,1.39,0.363,8.95,2,0,23091.71,auto,0,0.4784,0.46129167479183203,0
A00-01745,0,US,Majority,31,43393.51,2.3,0.329,7.5,2,0,22743.17,auto,0,0.3082,0.2960468785653366,0
A00-01746,0,EU,Minority,38,72367.43,9.43,0.295,12.65,0,0,9363.1,home_improvement,1,0.8194,0.8073129281686059,1
A00-01747,0,US,Majority,45,74403.55,4.67,0.21,14.76,0,0,29414.24,personal,0,0.8296,0.8503448708244415,1
A00-01748,0,US,Majority,36,64637.14,13.58,0.315,10.55,1,0,14721.15,personal,1,0.6478,0.61669721485977,1
A00-01749,0,EU,Majority,33,77040.83,2.57,0.333,5.4,1,0,27665.33,auto,1,0.5417,0.48630731874884275,0
A00-01750,0,US,Majority,32,61566.13,13.42,0.32,6.3,0,0,19187.15,personal,1,0.5988,0.5327663611542448,0
A00-01751,0,US,Majority,43,55767.52,3.15,0.529,2.71,1,1,9897.58,auto,0,0.114,0.07782814628726711,0
A00-01752,0,US,Minority,35,71830.8,5.06,0.36,6.93,2,0,47430.93,personal,0,0.3555,0.4212330461380288,0
A00-01753,0,US,Minority,34,72653.27,1.62,0.365,2.9,0,0,25595.84,auto,0,0.5259,0.4259063508534411,0
A00-01754,0,EU,Majority,24,58861.87,12.41,0.428,7.18,2,0,35739.92,home_improvement,0,0.3312,0.3962819765063072,0
A00-01755,0,US,Majority,40,57232.01,5.5,0.309,9.54,1,0,19876.12,personal,0,0.5263,0.5090631187396993,0
A00-01756,0,US,Majority,37,65023.5,17.99,0.395,0.57,1,0,38046.24,personal,0,0.315,0.3023195043114152,0
A00-01757,0,US,Minority,35,51011.89,10.74,0.222,2.05,0,0,18204.51,home_improvement,1,0.4843,0.44874710116319894,0
A00-01758,0,EU,Minority,41,90477.26,4.98,0.222,5.07,0,0,25652.41,personal,0,0.7314,0.6785412780688074,1
A00-01759,0,US,Minority,47,67513.04,3.5,0.39,6.89,2,1,20245.35,auto,1,0.1853,0.1817454513867014,0
A00-01760,0,EU,Majority,47,68777.4,9.67,0.302,6.52,0,0,45881.52,home_improvement,1,0.5895,0.6764943169789746,1
A00-01761,0,EU,Majority,45,50778.23,5.87,0.233,7.42,0,0,25259.53,personal,1,0.5534,0.5426332760108187,0
A00-01762,0,US,Majority,36,82540.8,3.38,0.345,5.68,2,0,34784.89,personal,0,0.4235,0.4251452199015195,0
A00-01763,0,EU,Majority,33,56879.51,6.13,0.355,2.7,1,0,31560.72,personal,0,0.3014,0.2761757096841919,0
A00-01764,0,EU,Majority,28,56097.8,1.21,0.245,6.36,1,0,26339.91,personal,1,0.4329,0.4102474899371837,0
A00-01765,0,US,Majority,32,83179.68,7.31,0.268,7.65,0,0,33795.78,personal,0,0.7186,0.7033701343629768,1
A00-01766,0,US,Minority,39,68859.13,8.15,0.401,5.86,2,0,39585.28,personal,0,0.3254,0.35770203615976165,0
A00-01767,0,EU,Majority,30,20934.5,2.51,0.207,8.95,2,0,29224.44,personal,0,0.2289,0.2770333066517696,0
A00-01768,0,EU,Majority,40,65502.36,11.44,0.258,10.18,1,0,30505.65,auto,1,0.6649,0.6858070067801136,1
A00-01769,0,EU,Minority,28,63884.87,10.06,0.439,9.83,1,0,31526.17,personal,1,0.4948,0.49894301850303463,0
A00-01770,0,EU,Majority,21,62047.67,6.91,0.327,5.97,0,0,40531.71,personal,0,0.499,0.495711263586785,0
A00-01771,0,US,Minority,48,64546.91,2.99,0.318,0.8,0,0,21432.52,personal,0,0.4185,0.3304996865976566,0
A00-01772,0,EU,Majority,34,34115.93,8.44,0.222,13.59,1,0,9060.51,auto,1,0.6187,0.6036395660315048,1
A00-01773,0,EU,Minority,30,18000.0,4.5,0.253,8.64,3,0,15267.03,personal,1,0.1662,0.180212237853279,0
A00-01774,0,US,Majority,27,49966.1,6.48,0.314,4.68,1,0,18293.02,personal,0,0.3617,0.30426392170276745,0
A00-01775,0,US,Majority,44,73862.7,8.92,0.573,9.61,0,0,17740.13,home_improvement,0,0.6232,0.5913126576332755,1
A00-01776,0,US,Minority,54,18000.0,2.02,0.443,11.37,2,1,17040.57,auto,0,0.0823,0.10070923481783503,0
A00-01777,0,EU,Majority,35,52472.62,1.56,0.17,15.42,1,0,22808.1,auto,1,0.7273,0.7548343053154336,1
A00-01778,0,US,Majority,37,31967.54,4.22,0.415,9.5,1,0,26166.42,auto,1,0.3301,0.33270966148805226,0
A00-01779,0,EU,Majority,51,63890.14,16.26,0.239,12.74,0,0,30375.9,personal,0,0.7777,0.8118074134577008,1
A00-01780,0,US,Majority,21,105700.09,18.42,0.329,3.66,0,0,18390.84,personal,1,0.7954,0.6948885965715154,1
A00-01781,0,US,Minority,61,57373.66,7.21,0.304,6.96,2,0,33475.71,personal,0,0.3437,0.4010215870801333,0
A00-01782,0,EU,Majority,66,66457.45,10.23,0.573,7.16,0,0,27549.81,home_improvement,0,0.4931,0.5112492637247323,0
A00-01783,0,US,Majority,21,84445.39,5.65,0.194,9.87,1,0,36636.47,home_improvement,1,0.7322,0.781650186158244,1
A00-01784,0,EU,Majority,38,68904.82,6.14,0.368,14.94,2,0,31203.61,auto,1,0.6302,0.681694177441127,1
A00-01785,0,US,Minority,31,57415.16,5.06,0.293,8.1,0,1,20613.83,personal,0,0.3119,0.2955334252278683,0
A00-01786,0,EU,Majority,36,86106.27,10.95,0.419,4.75,4,0,38313.53,auto,0,0.2795,0.30758138950935215,0
A00-01787,0,US,Minority,34,70465.86,13.67,0.41,2.05,0,0,31667.44,auto,0,0.5072,0.4351523317369057,0
A00-01788,0,EU,Minority,48,66983.89,6.05,0.526,13.68,3,0,30349.78,personal,1,0.3642,0.4299040256887806,0
A00-01789,0,EU,Majority,38,65863.18,6.12,0.416,10.56,1,0,34852.67,personal,0,0.5108,0.5402969369453784,0
A00-01790,0,US,Minority,29,54924.77,5.23,0.292,8.89,0,0,25613.12,personal,0,0.5813,0.5557200049276061,1
A00-01791,0,US,Majority,37,85926.25,13.86,0.68,7.13,1,0,25329.05,personal,0,0.4678,0.3977369982392256,0
A00-01792,0,US,Majority,45,62107.21,9.49,0.397,9.57,0,0,23682.79,auto,1,0.654,0.6209238325780307,1
A00-01793,0,EU,Minority,26,84893.8,2.94,0.309,3.15,2,0,17398.45,personal,0,0.438,0.3481319532367544,0
A00-01794,0,EU,Minority,21,41604.22,15.98,0.4,8.65,0,1,8053.91,auto,1,0.2998,0.24260187550676754,0
A00-01795,0,US,Majority,61,95741.9,0.82,0.406,3.8,0,0,24044.9,personal,1,0.6289,0.5440145981016666,0
A00-01796,0,US,Majority,32,77468.76,13.08,0.401,7.06,2,0,27051.13,personal,0,0.4644,0.44960821959252567,0
A00-01797,0,EU,Majority,37,50097.84,10.44,0.39,5.93,3,0,32499.67,auto,1,0.221,0.2455810821645808,0
A00-01798,0,US,Majority,35,78170.59,6.06,0.446,0.5,0,0,31084.97,auto,0,0.4603,0.360565163582734,0
A00-01799,0,EU,Majority,45,56144.24,5.97,0.434,7.11,2,0,24159.68,home_improvement,1,0.3107,0.34637114813008757,0
A00-01800,0,US,Majority,59,69135.13,5.39,0.228,4.9,1,0,17843.29,auto,0,0.577,0.5266690059579231,0
A00-01801,0,EU,Majority,45,59254.08,3.04,0.583,7.66,2,0,24649.85,home_improvement,0,0.2578,0.2770921037886181,0
A00-01802,0,EU,Majority,22,65974.67,15.26,0.566,8.51,0,0,18756.22,personal,0,0.5581,0.4671247273177722,0
A00-01803,0,US,Minority,24,79387.19,5.86,0.471,14.17,1,0,10480.09,auto,1,0.7491,0.6806928500503251,1
A00-01804,0,US,Majority,35,78351.72,3.0,0.335,9.72,0,0,10848.45,personal,1,0.7399,0.6560658693740983,1
A00-01805,0,US,Minority,36,40118.06,14.73,0.382,8.44,3,0,36529.55,auto,1,0.232,0.2949151125902584,0
A00-01806,0,EU,Majority,21,48206.17,7.7,0.291,10.48,3,1,41020.78,auto,0,0.1292,0.19757652602022224,0
A00-01807,0,US,Majority,48,73644.74,7.97,0.307,11.99,2,0,35559.91,personal,0,0.5724,0.6468513827762589,1
A00-01808,0,EU,Majority,27,75020.56,16.64,0.068,10.32,0,0,26022.04,auto,0,0.8708,0.8673178718749059,1
A00-01809,0,EU,Majority,55,55685.55,8.63,0.514,9.63,0,0,13424.93,auto,0,0.5764,0.5030717957950644,0
A00-01810,0,US,Majority,59,98734.99,3.88,0.471,11.34,2,0,22849.36,personal,1,0.6374,0.6291701115086904,1
A00-01811,0,EU,Majority,36,83956.4,8.62,0.129,0.5,0,1,34031.11,auto,0,0.395,0.36995513139296426,0
A00-01812,0,US,Minority,44,49614.05,3.24,0.482,15.46,3,0,33129.02,home_improvement,0,0.325,0.46857454210986793,0
A00-01813,0,EU,Majority,25,54777.15,4.38,0.329,14.86,2,0,32782.14,personal,1,0.5027,0.5767067650538155,1
A00-01814,0,US,Minority,46,57171.55,7.07,0.351,7.97,3,0,37033.4,auto,0,0.2905,0.3524881898801109,0
A00-01815,0,EU,Majority,34,62194.77,10.14,0.389,2.85,3,0,44958.9,home_improvement,0,0.1807,0.25132278502842553,0
A00-01816,0,EU,Minority,27,85366.99,4.03,0.166,11.94,2,1,27046.95,personal,1,0.4435,0.4995481650919645,0
A00-01817,0,EU,Majority,36,87205.94,5.3,0.329,5.72,1,0,49528.33,personal,1,0.5275,0.5683181382744067,1
A00-01818,0,EU,Majority,34,69166.32,5.26,0.34,10.64,0,0,7092.21,auto,1,0.761,0.6724480786759471,1
A00-01819,0,US,Majority,35,81380.21,11.16,0.34,3.37,1,1,23924.05,auto,0,0.2922,0.2555390819603294,0
A00-01820,0,EU,Minority,49,77136.53,5.96,0.211,16.01,1,0,30200.14,auto,1,0.8318,0.8641498640504024,1
A00-01821,0,EU,Majority,30,69606.95,15.86,0.384,2.73,3,0,34425.4,auto,0,0.2713,0.27267997224265256,0
A00-01822,0,EU,Majority,58,76149.75,4.37,0.457,8.78,1,0,25240.4,auto,1,0.5702,0.5442498757120735,0
A00-01823,0,US,Majority,24,79789.56,4.15,0.379,0.5,1,0,26463.69,personal,0,0.3743,0.2861794181081119,0
A00-01824,0,US,Minority,57,70764.51,12.94,0.347,6.94,0,0,42590.39,personal,1,0.593,0.6360115111431294,1
A00-01825,0,EU,Majority,28,53702.73,8.21,0.653,6.8,1,0,21550.48,auto,0,0.3034,0.23749739823216606,0
A00-01826,0,US,Majority,39,55623.51,21.17,0.219,13.05,1,0,17098.34,personal,1,0.7269,0.7446565216739411,1
A00-01827,0,EU,Majority,34,63016.7,12.66,0.423,6.8,1,0,37388.69,home_improvement,0,0.4361,0.4985663311499248,0
A00-01828,0,EU,Minority,35,48073.38,2.44,0.404,11.65,3,0,31145.13,personal,0,0.2555,0.3122665856392942,0
A00-01829,0,EU,Majority,48,40511.09,5.88,0.571,4.4,2,0,32926.83,personal,0,0.1219,0.12711048154295246,0
A00-01830,0,US,Majority,55,81343.09,7.06,0.376,7.37,1,0,25159.55,auto,0,0.624,0.592868991814949,1
A00-01831,0,EU,Minority,52,68081.75,6.76,0.447,6.05,3,0,17759.28,personal,0,0.2688,0.25101752475469896,0
A00-01832,0,US,Majority,35,43052.04,5.35,0.391,10.48,2,0,27875.37,personal,1,0.306,0.3393228708589871,0
A00-01833,0,US,Majority,41,63922.58,6.68,0.203,9.97,0,0,15833.95,home_improvement,0,0.7487,0.7518547986905457,1
A00-01834,0,EU,Majority,30,64998.57,6.9,0.226,11.39,2,0,31487.19,auto,0,0.5962,0.6380876439265787,1
A00-01835,0,US,Majority,28,71956.94,4.07,0.297,9.57,0,0,34531.13,personal,1,0.6702,0.6676828478428378,1
A00-01836,0,US,Majority,26,47943.47,10.9,0.445,11.15,0,1,36610.27,personal,0,0.2462,0.2926160875038472,0
A00-01837,0,US,Majority,34,42774.11,14.83,0.358,4.91,1,0,23060.05,auto,0,0.3694,0.3355221340607645,0
A00-01838,0,US,Minority,42,71374.77,9.06,0.35,8.66,2,0,31192.26,personal,1,0.4637,0.49363183504074276,0
A00-01839,0,EU,Minority,21,32354.72,7.55,0.54,13.53,1,0,18106.5,personal,1,0.3589,0.343382876056535,0
A00-01840,0,US,Majority,38,64079.39,5.64,0.092,1.78,2,0,34288.74,personal,1,0.3593,0.37730861573712504,0
A00-01841,0,US,Majority,56,62304.53,7.03,0.175,10.46,1,0,33200.98,home_improvement,1,0.6458,0.743474837441653,1
A00-01842,0,EU,Majority,51,66157.6,7.46,0.03,11.21,1,0,19915.27,personal,0,0.7647,0.7859200603022183,1
A00-01843,0,US,Minority,33,66301.63,3.05,0.52,12.94,1,0,29534.52,auto,0,0.562,0.5570401816870252,1
A00-01844,0,EU,Majority,24,98872.84,10.59,0.318,11.4,1,0,35078.87,personal,1,0.7855,0.7914125396445306,1
A00-01845,0,EU,Majority,44,38109.65,4.57,0.446,8.9,1,0,26519.78,auto,1,0.3366,0.3358799151447371,0
A00-01846,0,EU,Majority,21,85155.05,13.34,0.317,10.22,0,0,20539.7,auto,1,0.8313,0.7849105532989075,1
A00-01847,0,EU,Majority,51,20769.0,0.3,0.453,5.56,0,0,25257.33,personal,0,0.2031,0.18933928783331244,0
A00-01848,0,US,Majority,37,94980.51,6.55,0.315,6.95,0,0,33556.51,auto,0,0.7743,0.7409216244741575,1
A00-01849,0,EU,Minority,59,22685.48,10.7,0.424,1.76,2,0,16897.48,personal,0,0.1079,0.09922924082671251,0
A00-01850,0,US,Majority,21,114791.5,8.98,0.362,14.45,2,0,19888.48,home_improvement,1,0.8543,0.8600172724333679,1
A00-01851,0,US,Minority,49,54094.41,2.46,0.416,8.9,1,0,31100.9,auto,1,0.4288,0.4382167976461992,0
A00-01852,0,EU,Majority,38,93017.28,12.66,0.532,4.84,2,0,34258.07,personal,1,0.4122,0.38969844062427555,0
A00-01853,0,US,Minority,35,82098.96,3.62,0.18,8.19,5,1,49071.85,auto,0,0.1247,0.22200554178269055,0
A00-01854,0,EU,Minority,24,53206.71,4.37,0.367,11.74,1,0,31240.23,home_improvement,0,0.5086,0.5770917968072965,1
A00-01855,0,EU,Minority,46,54664.76,4.63,0.399,11.07,0,0,17980.59,personal,1,0.5942,0.5595450435389587,1
A00-01856,0,EU,Majority,46,52593.98,1.83,0.336,4.79,0,0,44796.49,personal,1,0.3679,0.3984489387784644,0
A00-01857,0,US,Majority,59,83460.03,6.73,0.282,0.5,0,1,39403.07,auto,0,0.2929,0.2934161265603072,0
A00-01858,0,US,Majority,50,60454.11,11.09,0.266,10.08,2,0,10569.51,personal,0,0.5443,0.5305087950353521,0
A00-01859,0,EU,Majority,32,52939.31,13.15,0.514,4.95,1,1,17442.85,auto,1,0.1496,0.12316335255017444,0
A00-01860,0,US,Majority,28,78708.24,5.35,0.322,10.99,2,0,23014.29,personal,1,0.5916,0.583945658391739,1
A00-01861,0,US,Minority,24,44453.65,5.93,0.668,10.9,3,0,32576.14,auto,0,0.1678,0.18353053992082485,0
A00-01862,0,EU,Minority,55,55249.34,9.34,0.438,11.55,1,0,3887.66,personal,1,0.5566,0.4972495747707376,0
A00-01863,0,EU,Majority,30,70535.01,5.44,0.295,15.48,1,0,23499.78,personal,1,0.7437,0.7581832200858519,1
A00-01864,0,EU,Majority,55,56293.84,11.66,0.396,13.45,2,0,29831.23,home_improvement,0,0.5022,0.6277897995839684,1
A00-01865,0,US,Minority,45,52160.58,5.75,0.388,14.1,3,0,3000.0,auto,1,0.4714,0.44857707873261127,0
A00-01866,0,US,Minority,43,90664.68,3.29,0.536,12.62,1,0,30479.52,personal,1,0.6517,0.6468735054337967,1
A00-01867,0,EU,Majority,36,64619.53,6.84,0.19,14.36,2,0,34130.84,auto,1,0.6776,0.7479131842354277,1
A00-01868,0,US,Majority,46,61667.09,2.11,0.114,8.34,3,0,16653.99,personal,0,0.4357,0.454517108341906,0
A00-01869,0,US,Minority,39,58172.62,6.78,0.418,1.94,2,0,13584.18,personal,0,0.2317,0.1740525828459165,0
A00-01870,0,US,Majority,35,77134.64,7.57,0.43,18.43,0,0,19786.37,auto,1,0.8683,0.8606416768172099,1
A00-01871,0,US,Majority,47,48856.59,3.63,0.364,8.75,2,0,4552.82,home_improvement,0,0.3804,0.3685419968574367,0
A00-01872,0,US,Minority,37,69617.09,7.39,0.456,12.01,1,0,22705.85,personal,1,0.5901,0.5742435710542841,1
A00-01873,0,US,Minority,30,66360.58,5.04,0.438,4.9,2,0,30966.62,home_improvement,0,0.2961,0.31863785734879174,0
A00-01874,0,EU,Minority,46,27515.55,3.53,0.197,10.96,2,1,12664.0,auto,0,0.1712,0.1997238612318304,0
A00-01875,0,US,Minority,38,95590.86,1.9,0.409,0.5,3,0,35714.46,personal,0,0.2541,0.2320360040984669,0
A00-01876,0,EU,Majority,44,96255.46,2.29,0.488,6.86,0,0,25284.51,auto,1,0.7052,0.6198127352350662,1
A00-01877,0,US,Majority,34,53289.3,14.11,0.351,8.11,2,0,26892.92,personal,0,0.3715,0.39132481393604845,0
A00-01878,0,EU,Majority,26,47173.9,4.91,0.173,10.35,1,0,19694.98,auto,1,0.6001,0.5863624729518429,1
A00-01879,0,US,Majority,58,72832.98,7.46,0.29,12.79,1,0,29573.32,auto,1,0.7326,0.7651932143702358,1
A00-01880,0,US,Majority,56,41408.6,5.32,0.397,4.12,0,0,36921.43,personal,1,0.2926,0.30338865284706523,0
A00-01881,0,US,Majority,49,94421.38,14.31,0.545,11.14,2,0,25716.35,personal,1,0.6084,0.6062811081668735,1
A00-01882,0,US,Majority,35,59599.38,3.54,0.095,13.41,1,0,30710.44,personal,1,0.7101,0.762332396798014,1
A00-01883,0,US,Minority,36,92314.33,6.24,0.418,16.48,0,0,37881.13,personal,1,0.8453,0.8649646979515665,1
A00-01884,0,EU,Majority,54,52836.34,4.35,0.218,11.33,1,0,30186.92,home_improvement,1,0.5811,0.6821126170151967,1
A00-01885,0,EU,Majority,35,66368.16,10.63,0.391,6.66,0,0,39486.08,home_improvement,0,0.5508,0.6001796121020199,1
A00-01886,0,US,Majority,32,92577.04,7.41,0.401,3.41,1,0,20598.77,home_improvement,1,0.571,0.5124879075883875,0
A00-01887,0,US,Majority,60,62358.45,6.11,0.302,15.82,0,0,21241.17,auto,1,0.8132,0.8256884947569089,1
A00-01888,0,EU,Minority,38,66669.74,2.52,0.451,10.05,3,0,21933.42,personal,0,0.3194,0.32286312840713477,0
A00-01889,0,EU,Majority,58,89260.52,17.94,0.467,8.41,0,0,33571.8,auto,1,0.7546,0.7446176593242864,1
A00-01890,0,US,Majority,24,57935.1,5.42,0.31,2.02,0,0,21467.77,personal,0,0.4238,0.3296354592452235,0
A00-01891,0,EU,Minority,45,37526.96,3.15,0.215,3.38,2,0,17843.1,personal,0,0.2234,0.20926781583292273,0
A00-01892,0,US,Majority,62,40784.5,1.9,0.501,11.03,2,0,38346.34,personal,0,0.2222,0.29728242143946426,0
A00-01893,0,EU,Majority,39,79585.22,2.23,0.429,9.92,0,0,41589.3,home_improvement,0,0.6482,0.7030300364064402,1
A00-01894,0,US,Majority,36,75886.79,6.07,0.398,0.71,1,0,24703.46,auto,1,0.402,0.3102542916104811,0
A00-01895,0,US,Majority,26,88671.6,10.73,0.247,11.03,0,0,19926.44,personal,1,0.8459,0.8152327815551924,1
A00-01896,0,US,Majority,51,63293.15,7.12,0.448,2.23,0,0,40497.73,home_improvement,0,0.3653,0.3960737801793555,0
A00-01897,0,EU,Majority,31,41315.99,1.99,0.575,13.92,1,0,28358.04,auto,0,0.394,0.4034756856325088,0
A00-01898,0,US,Majority,38,23797.71,6.06,0.315,9.33,1,0,26633.14,auto,0,0.3357,0.3579324153677078,0
A00-01899,0,EU,Majority,25,122991.29,12.6,0.341,6.65,1,0,28474.57,personal,1,0.8155,0.7689149638548847,1
A00-01900,0,EU,Majority,56,78511.54,4.8,0.202,12.46,3,0,21497.44,personal,1,0.6021,0.6551505648647907,1
A00-01901,0,EU,Majority,52,71099.04,7.13,0.244,9.91,1,0,26334.35,personal,0,0.6489,0.6666497731953935,1
A00-01902,0,US,Minority,39,66794.16,4.94,0.246,12.4,2,0,33704.65,auto,1,0.6066,0.6657798345886997,1
A00-01903,0,US,Majority,26,41304.56,8.08,0.346,8.82,0,0,19683.12,auto,0,0.5368,0.4822765089466036,0
A00-01904,0,US,Majority,56,53397.43,3.51,0.289,9.06,1,0,31432.94,personal,0,0.4584,0.5033778683250023,0
A00-01905,0,EU,Majority,35,101623.27,0.33,0.375,7.36,1,0,31636.54,personal,0,0.6571,0.6185745675989804,1
A00-01906,0,EU,Majority,27,81008.6,2.63,0.223,9.55,1,0,15547.7,auto,0,0.7482,0.6900841228592292,1
A00-01907,0,US,Majority,21,53991.64,4.42,0.31,15.29,1,0,41824.28,home_improvement,1,0.6084,0.730372651373772,1
A00-01908,0,EU,Minority,32,38190.51,5.69,0.261,5.09,0,0,30776.46,personal,0,0.3814,0.37067974303283807,0
A00-01909,0,US,Minority,23,51701.81,4.54,0.398,9.69,1,0,29857.81,auto,1,0.4575,0.44754336068968553,0
A00-01910,0,US,Majority,32,62506.82,4.48,0.134,4.98,1,0,30587.62,home_improvement,0,0.5248,0.5682338132803243,1
A00-01911,0,US,Majority,47,107433.77,10.78,0.348,0.5,1,0,9916.44,auto,1,0.6833,0.526128963081557,0
A00-01912,0,EU,Minority,35,57922.92,2.93,0.342,7.93,1,0,23436.62,personal,1,0.4479,0.4215739605100749,0
A00-01913,0,US,Majority,43,45898.52,6.09,0.352,9.98,0,0,12209.34,auto,1,0.6029,0.5388699123868956,0
A00-01914,0,US,Majority,31,67386.56,2.09,0.132,8.06,0,0,30579.01,home_improvement,1,0.7083,0.7394864214386778,1
A00-01915,0,EU,Majority,40,73522.43,9.06,0.409,2.52,2,0,26897.61,auto,1,0.3457,0.3005658185712413,0
A00-01916,0,US,Majority,60,44169.62,7.01,0.294,9.72,0,0,25771.18,personal,0,0.5408,0.5637914451201264,1
A00-01917,0,US,Minority,35,69141.15,17.74,0.401,8.17,0,0,38103.66,personal,1,0.6197,0.6329892467337533,1
A00-01918,0,US,Majority,43,91469.4,2.85,0.106,4.94,0,0,15507.13,personal,1,0.7935,0.724998112522277,1
A00-01919,0,US,Minority,22,64134.75,14.7,0.226,1.69,1,0,18985.17,personal,0,0.4605,0.38013236009913515,0
A00-01920,0,US,Majority,56,53355.76,3.13,0.283,7.49,2,1,30265.45,auto,1,0.1593,0.20099276626430024,0
A00-01921,0,US,Majority,34,58451.46,4.78,0.495,11.11,0,0,29530.01,personal,0,0.5358,0.5211914573633832,0
A00-01922,0,EU,Majority,51,36982.12,2.35,0.393,10.17,0,0,13953.81,auto,0,0.5044,0.45534862370828144,0
A00-01923,0,US,Majority,38,65957.13,17.61,0.346,4.98,0,0,35275.22,auto,1,0.5996,0.581581075253591,1
A00-01924,0,EU,Majority,46,74404.82,7.66,0.219,9.05,1,0,40721.26,auto,1,0.6675,0.7148160598225267,1
A00-01925,0,US,Majority,46,51463.98,7.7,0.197,12.05,0,0,29423.52,personal,1,0.6878,0.725083797703435,1
A00-01926,0,US,Majority,34,105354.3,3.33,0.363,3.81,0,0,18576.54,personal,1,0.728,0.6067310078065379,1
A00-01927,0,US,Minority,51,76553.31,0.91,0.459,7.35,1,0,29360.1,personal,0,0.4612,0.4400690875563046,0
A00-01928,0,US,Majority,31,34437.23,4.65,0.355,13.86,2,1,27603.66,home_improvement,0,0.1559,0.24896762103114997,0
A00-01929,0,US,Majority,48,34827.01,4.1,0.535,3.4,1,0,20754.48,personal,0,0.1587,0.13107230121715138,0
A00-01930,0,US,Majority,35,49803.55,1.45,0.248,13.12,1,0,35283.0,personal,0,0.5437,0.6148861534122421,1
A00-01931,0,EU,Majority,43,98390.52,4.85,0.352,14.98,0,1,25326.29,personal,0,0.6917,0.7076245992152316,1
A00-01932,0,EU,Minority,34,78427.51,6.09,0.172,6.21,1,0,45605.07,auto,1,0.6283,0.6668206785286943,1
A00-01933,0,US,Minority,40,92350.53,7.97,0.4,5.73,4,0,36973.97,auto,1,0.335,0.3656155873860532,0
A00-01934,0,EU,Minority,27,61693.98,1.03,0.551,11.23,2,0,31269.02,home_improvement,0,0.3406,0.3939549272000666,0
A00-01935,0,EU,Majority,42,64519.7,2.46,0.205,7.76,1,0,34693.56,personal,1,0.5295,0.5621312291401467,1
A00-01936,0,EU,Majority,39,44797.32,3.42,0.431,0.5,0,0,39277.55,personal,0,0.2114,0.19270076528844624,0
A00-01937,0,US,Majority,33,75143.99,11.06,0.503,8.1,1,0,35311.7,auto,0,0.5264,0.5125717791180756,0
A00-01938,0,US,Majority,38,64772.8,10.93,0.247,10.38,0,0,25142.43,personal,1,0.7231,0.7186202974963676,1
A00-01939,0,US,Majority,40,64041.23,7.41,0.386,11.46,2,0,21295.12,personal,1,0.4884,0.49733023922306824,0
A00-01940,0,US,Majority,32,99242.97,4.8,0.52,4.98,0,0,17438.49,home_improvement,1,0.6722,0.578439269520618,1
A00-01941,0,US,Majority,38,66099.43,11.45,0.358,7.42,3,1,5252.42,auto,0,0.1907,0.16761127509636056,0
A00-01942,0,EU,Majority,28,93788.65,6.87,0.424,12.41,1,0,33025.17,personal,0,0.7272,0.7282598156541474,1
A00-01943,0,EU,Majority,65,38326.58,11.09,0.117,8.26,2,0,21865.89,home_improvement,1,0.4259,0.5397506795388688,0
A00-01944,0,US,Minority,51,112574.13,7.61,0.447,0.99,2,0,21290.27,personal,1,0.4959,0.3949699357009922,0
A00-01945,0,US,Minority,42,54407.86,1.63,0.437,12.05,1,0,34594.99,personal,0,0.4424,0.4880370351757436,0
A00-01946,0,US,Majority,52,81936.5,0.89,0.171,7.64,2,0,29858.06,personal,1,0.569,0.5970402093266961,1
A00-01947,0,US,Minority,21,77959.19,4.49,0.259,11.46,2,0,39888.31,personal,0,0.5838,0.6428579974975277,1
A00-01948,0,EU,Majority,21,59050.22,9.71,0.402,2.92,0,0,23863.53,personal,1,0.4177,0.3300997182461549,0
A00-01949,0,US,Minority,35,77061.57,4.07,0.339,6.62,0,0,22357.83,home_improvement,0,0.6574,0.6314358800342015,1
A00-01950,0,EU,Minority,24,78049.06,12.73,0.508,9.14,1,0,16686.4,home_improvement,0,0.6025,0.568757069247291,1
A00-01951,0,EU,Majority,36,54950.25,9.21,0.367,8.15,0,0,30970.14,auto,0,0.57,0.5536252744893101,1
A00-01952,0,EU,Minority,41,48175.3,12.09,0.382,2.37,0,0,32829.23,home_improvement,1,0.355,0.3713854221382576,0
A00-01953,0,EU,Minority,49,62360.83,4.57,0.355,0.5,3,1,18044.33,personal,0,0.0618,0.0573065745510607,0
A00-01954,0,US,Minority,26,59305.61,3.01,0.41,13.19,1,0,16257.77,personal,1,0.5758,0.541062554333197,0
A00-01955,0,US,Minority,43,87969.47,2.7,0.471,8.09,1,0,42895.99,personal,0,0.5196,0.5401845507607723,0
A00-01956,0,US,Majority,39,81850.7,8.04,0.394,13.17,4,0,18384.98,auto,0,0.5107,0.5316520202950071,0
A00-01957,0,EU,Majority,43,67161.95,1.74,0.279,12.21,0,0,32626.39,personal,1,0.7061,0.728205504880135,1
A00-01958,0,US,Minority,33,73015.48,1.84,0.524,9.49,1,0,21708.01,personal,1,0.4835,0.4260539324970554,0
A00-01959,0,EU,Majority,54,29613.59,3.91,0.409,7.21,1,0,27861.1,home_improvement,1,0.2458,0.30057114873053425,0
A00-01960,0,US,Majority,38,56809.09,6.71,0.376,10.46,2,0,34314.3,personal,1,0.3836,0.43996826996735894,0
A00-01961,0,US,Majority,59,73968.6,3.45,0.341,14.23,0,0,31042.16,auto,0,0.7954,0.8147095247461061,1
A00-01962,0,US,Majority,30,89691.94,10.95,0.39,8.83,1,0,28787.03,personal,0,0.6691,0.643882120651203,1
A00-01963,0,EU,Majority,47,72295.62,12.19,0.11,16.11,2,0,38037.2,auto,1,0.7971,0.870132051536879,1
A00-01964,0,US,Minority,38,89206.54,0.57,0.404,1.1,2,0,26686.45,auto,0,0.3691,0.2929765148271891,0
A00-01965,0,US,Majority,35,84990.86,7.7,0.527,2.07,3,0,59957.04,personal,1,0.1675,0.21502972416639068,0
A00-01966,0,US,Minority,46,52221.74,4.08,0.401,11.05,1,0,8670.03,personal,1,0.5053,0.4533740088199562,0
A00-01967,0,EU,Minority,36,58839.42,9.97,0.385,3.83,1,0,13912.2,auto,1,0.4284,0.333666819516393,0
A00-01968,0,EU,Majority,21,76260.01,7.86,0.258,16.67,0,0,38618.8,auto,1,0.8658,0.887939578742968,1
A00-01969,0,US,Majority,21,59975.92,6.52,0.389,13.85,0,0,23282.75,personal,1,0.6926,0.6741721871668774,1
A00-01970,0,EU,Majority,53,97594.51,5.41,0.307,14.85,0,0,35113.53,personal,1,0.8731,0.8900915162928729,1
A00-01971,0,US,Minority,53,40434.2,1.84,0.532,10.64,4,1,16887.95,personal,0,0.0453,0.058683795728584426,0
A00-01972,0,EU,Minority,60,67506.02,19.2,0.271,3.41,2,0,26596.31,personal,1,0.4096,0.4239843240388175,0
A00-01973,0,US,Majority,39,82473.49,2.44,0.276,1.86,2,0,30835.8,home_improvement,0,0.3891,0.4025464496449307,0
A00-01974,0,US,Majority,25,62544.51,14.8,0.258,14.48,1,0,24446.53,personal,1,0.7337,0.7573850736214275,1
A00-01975,0,EU,Majority,34,58262.81,8.77,0.55,2.5,2,0,26313.56,personal,1,0.1773,0.14888912547306957,0
A00-01976,0,US,Majority,39,67054.46,4.22,0.307,14.84,2,0,14956.17,auto,1,0.6792,0.6785629247766496,1
A00-01977,0,US,Minority,28,76927.97,3.81,0.309,9.78,3,0,27240.42,home_improvement,1,0.462,0.5288245122714863,0
A00-01978,0,EU,Minority,57,52002.89,1.78,0.124,6.79,0,0,36859.08,personal,0,0.5539,0.6020493240563785,1
A00-01979,0,EU,Majority,64,48190.5,6.01,0.221,10.27,0,0,16581.14,auto,0,0.6797,0.6687383689159887,1
A00-01980,0,US,Minority,44,83361.11,1.72,0.438,8.96,1,1,17939.79,auto,0,0.3564,0.3182427535119126,0
A00-01981,0,EU,Majority,39,76086.63,11.31,0.393,7.69,2,0,37770.86,personal,1,0.4385,0.4777364496194635,0
A00-01982,0,EU,Minority,25,80649.29,6.92,0.297,12.8,3,0,12735.58,personal,0,0.6063,0.589625425063327,1
A00-01983,0,US,Majority,56,82927.3,5.76,0.259,14.07,0,0,37199.72,home_improvement,1,0.8372,0.8888921262288408,1
A00-01984,0,EU,Majority,40,109917.9,6.23,0.553,9.12,1,0,26747.22,personal,0,0.6946,0.6381942926345884,1
A00-01985,0,US,Minority,36,82684.47,7.1,0.699,4.7,0,0,23871.99,personal,0,0.438,0.32429138752681813,0
A00-01986,0,EU,Majority,44,54742.49,4.72,0.468,13.72,0,0,36743.56,auto,0,0.6181,0.6539186786305441,1
A00-01987,0,US,Minority,33,70435.09,5.14,0.562,0.5,3,0,34557.07,personal,0,0.1194,0.10693080930199711,0
A00-01988,0,US,Minority,41,50907.71,15.71,0.588,8.88,1,0,28239.31,personal,0,0.3446,0.34299227686780936,0
A00-01989,0,US,Majority,23,59871.6,10.67,0.596,11.46,0,0,6740.77,personal,1,0.5887,0.46946478451262896,0
A00-01990,0,US,Majority,51,41662.49,8.55,0.294,5.19,0,0,31161.95,personal,1,0.4001,0.4067167320753597,0
A00-01991,0,EU,Majority,38,63063.85,4.22,0.225,12.4,1,1,16458.41,auto,1,0.4475,0.4596817961250958,0
A00-01992,0,EU,Majority,52,78855.65,1.25,0.55,8.39,1,0,26618.4,personal,0,0.4617,0.4267447426851279,0
A00-01993,0,US,Majority,37,67245.59,7.97,0.214,6.32,3,0,26719.77,personal,0,0.367,0.39188942730194354,0
A00-01994,0,US,Majority,38,47612.0,6.22,0.207,12.35,1,0,43307.55,auto,0,0.5789,0.6752685591342075,1
A00-01995,0,US,Minority,26,32562.63,5.07,0.254,2.76,1,0,21009.09,auto,0,0.2757,0.2313440155326853,0
A00-01996,0,US,Majority,47,108625.07,5.59,0.314,11.98,2,0,11195.8,auto,1,0.8297,0.791204122124695,1
A00-01997,0,US,Majority,29,74678.05,2.55,0.092,0.57,1,0,36900.02,personal,1,0.465,0.4457611741358313,0
A00-01998,0,EU,Minority,34,45842.69,3.11,0.203,8.24,2,0,29712.31,personal,1,0.3489,0.38989145981044193,0
A00-01999,0,EU,Majority,39,77273.89,10.68,0.255,8.68,0,0,33549.1,home_improvement,1,0.7446,0.7815205740785198,1
A00-02000,0,US,Minority,40,103094.54,0.98,0.231,4.94,0,0,37714.83,personal,0,0.7471,0.7210013592555803,1
A00-02001,0,US,Majority,21,80288.78,9.8,0.457,10.06,0,0,37776.13,personal,1,0.667,0.6566773323614882,1
A00-02002,0,EU,Minority,36,18000.0,13.06,0.376,6.78,1,0,15928.98,auto,0,0.273,0.24766955566133408,0
A00-02003,0,US,Majority,48,118893.54,7.87,0.399,12.72,1,0,17230.68,auto,1,0.8905,0.8615135608263997,1
A00-02004,0,US,Majority,35,33364.32,7.64,0.386,10.74,1,0,32544.05,home_improvement,0,0.3592,0.45233884866577945,0
A00-02005,0,US,Minority,37,57585.77,3.09,0.35,8.91,1,0,23293.56,personal,1,0.4677,0.4493666202394399,0
A00-02006,0,US,Majority,41,46965.32,3.42,0.449,9.67,2,0,26061.31,home_improvement,0,0.295,0.3522451988025089,0
A00-02007,0,US,Majority,38,54439.96,4.45,0.384,6.61,3,0,14551.63,personal,1,0.2376,0.21647090551229586,0
A00-02008,0,EU,Majority,28,73903.78,2.16,0.292,7.29,0,0,31762.23,home_improvement,0,0.6467,0.6579818471845338,1
A00-02009,0,US,Minority,39,22150.55,3.25,0.173,8.09,0,0,26978.93,personal,0,0.4025,0.424486461525636,0
A00-02010,0,EU,Majority,50,66785.33,6.21,0.392,7.81,1,0,27065.62,home_improvement,1,0.4999,0.5388077268563273,0
A00-02011,0,US,Majority,27,90299.51,4.27,0.179,12.95,0,0,12894.54,home_improvement,1,0.8937,0.8845541786671921,1
A00-02012,0,EU,Majority,35,52478.43,6.55,0.376,8.87,2,0,38324.11,auto,1,0.3499,0.39937353765558165,0
A00-02013,0,US,Majority,24,42084.58,10.66,0.339,10.0,1,0,28189.3,auto,0,0.471,0.4788590264022528,0
A00-02014,0,US,Majority,49,65853.2,6.52,0.167,2.89,1,0,36168.81,personal,1,0.4484,0.46643123759245025,0
A00-02015,0,US,Majority,38,62071.51,7.69,0.361,12.27,0,0,8428.76,personal,1,0.7214,0.6598378021253883,1
A00-02016,0,US,Majority,30,57190.67,1.7,0.353,6.18,1,0,25555.99,personal,0,0.3809,0.3462583471165615,0
A00-02017,0,US,Majority,40,45921.42,10.55,0.353,4.33,2,0,17002.91,auto,0,0.2885,0.2518016079882272,0
A00-02018,0,EU,Majority,26,78364.51,1.66,0.348,15.08,0,0,30478.57,personal,1,0.792,0.7949234665373132,1
A00-02019,0,US,Majority,28,79810.01,4.08,0.252,11.29,0,0,37361.69,personal,1,0.7622,0.775462526369479,1
A00-02020,0,US,Majority,23,48252.71,2.64,0.401,12.41,0,0,26795.28,personal,0,0.5531,0.5423709628643992,0
A00-02021,0,US,Majority,27,50882.18,1.26,0.247,10.32,2,0,23775.21,auto,0,0.4584,0.4657223287895942,0
A00-02022,0,EU,Majority,54,71093.35,6.31,0.201,8.13,0,0,25299.02,personal,1,0.7104,0.7021545527416697,1
A00-02023,0,EU,Majority,31,50165.54,8.09,0.411,7.38,3,0,13570.33,auto,0,0.2704,0.23896401145854348,0
A00-02024,0,EU,Majority,44,71894.58,13.25,0.442,11.62,1,0,18911.66,personal,1,0.6389,0.6194829555671236,1
A00-02025,0,EU,Majority,30,96392.88,6.87,0.403,13.03,1,0,38837.06,personal,1,0.75,0.7721575070496195,1
A00-02026,0,EU,Minority,47,60363.37,3.24,0.35,6.83,1,0,18740.33,auto,1,0.4893,0.4361370140666416,0
A00-02027,0,EU,Majority,28,45441.29,4.21,0.097,16.79,1,0,36890.99,personal,1,0.6951,0.7875071952863599,1
A00-02028,0,US,Majority,39,75949.97,1.43,0.508,7.71,1,0,31282.54,auto,0,0.4816,0.44396942645459697,0
A00-02029,0,EU,Majority,40,65124.56,4.51,0.095,2.92,1,0,32550.07,personal,0,0.4844,0.485712088152257,0
A00-02030,0,EU,Majority,65,65647.02,5.71,0.4,1.61,2,0,32047.53,home_improvement,0,0.2418,0.27901385530583844,0
A00-02031,0,US,Majority,46,77531.13,7.89,0.583,1.75,0,0,24976.14,personal,0,0.3942,0.2956316806082291,0
A00-02032,0,EU,Majority,32,81629.71,9.18,0.348,6.84,0,0,25887.03,personal,0,0.6807,0.6252743430471938,1
A00-02033,0,US,Majority,47,69174.54,7.73,0.365,7.57,0,0,34412.46,home_improvement,1,0.6055,0.6489551410544573,1
A00-02034,0,US,Majority,63,67347.07,3.0,0.376,11.23,1,0,5344.86,home_improvement,1,0.6426,0.6307878413366936,1
A00-02035,0,US,Minority,21,100707.29,2.41,0.399,6.99,0,0,34340.42,personal,0,0.7161,0.6591554987179834,1
A00-02036,0,EU,Minority,30,84310.53,8.79,0.657,10.47,1,0,20057.15,personal,0,0.547,0.46979108172467043,0
A00-02037,0,EU,Majority,36,84337.38,1.22,0.229,8.68,0,0,24497.91,personal,1,0.7585,0.7220594612581351,1
A00-02038,0,US,Majority,34,70992.91,16.95,0.214,8.55,1,0,27373.48,auto,1,0.7111,0.7105334796343487,1
A00-02039,0,US,Minority,35,42390.88,3.45,0.336,4.79,3,0,24918.39,personal,0,0.1551,0.16005587138639038,0
A00-02040,0,US,Majority,25,89920.34,11.4,0.539,14.19,1,0,15665.05,personal,1,0.7486,0.6983203097729028,1
A00-02041,0,US,Minority,54,64241.59,3.89,0.306,0.97,1,0,29317.14,auto,0,0.3635,0.32363410213149585,0
A00-02042,0,EU,Majority,23,57533.79,8.2,0.382,9.71,0,0,29876.84,personal,1,0.5724,0.5546419986184711,1
A00-02043,0,US,Minority,37,56880.33,2.48,0.504,6.37,1,1,6108.25,home_improvement,1,0.1608,0.13859836755541405,0
A00-02044,0,US,Minority,51,43142.53,5.93,0.468,10.23,2,0,13655.07,personal,0,0.2994,0.2900641528404224,0
A00-02045,0,US,Majority,39,88589.25,1.51,0.452,8.42,0,0,37404.44,home_improvement,1,0.6612,0.6824567284001879,1
A00-02046,0,EU,Majority,28,81477.7,7.1,0.5,8.53,1,0,32896.02,auto,1,0.5669,0.5326373347938307,0
A00-02047,0,US,Majority,24,71951.02,2.45,0.367,7.43,0,0,32569.98,home_improvement,0,0.5978,0.6041267962891758,1
A00-02048,0,EU,Majority,36,67687.07,2.74,0.275,14.07,0,0,22996.62,auto,1,0.8022,0.7931249170910755,1
A00-02049,0,US,Majority,31,55567.29,4.36,0.348,8.51,3,0,33477.82,personal,0,0.2563,0.29987729705915567,0
A00-02050,0,US,Minority,41,21028.62,4.96,0.334,14.98,4,0,14401.24,personal,0,0.1959,0.25552063237590233,0
A00-02051,0,EU,Majority,24,41654.39,7.89,0.633,9.59,0,0,24253.28,personal,0,0.3447,0.29760387893066864,0
A00-02052,0,US,Majority,48,54389.74,7.42,0.266,8.59,0,0,16796.14,auto,0,0.6594,0.6147990027107327,1
A00-02053,0,EU,Minority,40,44533.64,6.32,0.433,6.52,0,0,24249.9,personal,0,0.3841,0.3451384754441117,0
A00-02054,0,US,Majority,41,73997.85,9.79,0.15,10.76,3,0,16998.37,auto,0,0.6376,0.6522318062428496,1
A00-02055,0,EU,Majority,55,83918.38,7.3,0.346,6.15,3,0,31068.36,home_improvement,0,0.3997,0.4757238513211503,0
A00-02056,0,EU,Minority,34,59059.65,7.62,0.341,7.68,1,0,31484.16,personal,0,0.4507,0.4570277980111215,0
A00-02057,0,EU,Majority,31,95269.42,2.72,0.411,8.53,0,0,21685.91,auto,1,0.7762,0.6974768219364916,1
A00-02058,0,US,Majority,33,53624.94,10.23,0.414,9.8,0,0,36508.76,home_improvement,0,0.5435,0.6090999360799121,1
A00-02059,0,EU,Majority,37,65924.79,9.5,0.5,9.9,0,0,21351.75,auto,1,0.6373,0.5753882858033275,1
A00-02060,0,EU,Minority,38,60531.24,6.51,0.536,8.71,0,0,25113.5,personal,1,0.4843,0.43482011678265486,0
A00-02061,0,US,Majority,30,89251.54,9.3,0.322,8.88,0,0,20815.19,personal,1,0.7834,0.7302106544634612,1
A00-02062,0,US,Majority,21,70511.85,5.64,0.217,14.78,1,0,30509.52,auto,0,0.7815,0.8021937215496564,1
A00-02063,0,EU,Majority,33,71037.81,13.64,0.231,10.19,1,0,31846.05,personal,1,0.6771,0.7049510524696156,1
A00-02064,0,US,Majority,43,37057.98,6.14,0.366,18.92,3,0,36490.29,auto,0,0.4226,0.5798046171930629,1
A00-02065,0,EU,Minority,40,44401.77,5.52,0.394,7.3,1,0,25094.2,home_improvement,1,0.3473,0.3798025783032573,0
A00-02066,0,EU,Majority,52,89323.09,7.33,0.361,12.34,1,0,3000.0,personal,1,0.7923,0.7320006685040159,1
A00-02067,0,US,Minority,61,22068.5,15.29,0.311,4.2,0,0,20522.86,personal,1,0.309,0.30013150884186107,0
A00-02068,0,EU,Majority,47,94016.86,3.98,0.502,14.1,0,0,38892.4,personal,0,0.7767,0.7938155763062245,1
A00-02069,0,EU,Majority,54,77993.63,7.04,0.153,5.68,1,0,20420.92,home_improvement,1,0.6673,0.6830890600237834,1
A00-02070,0,US,Minority,47,47297.09,4.18,0.304,8.92,1,0,7720.78,personal,1,0.4753,0.42045710753568977,0
A00-02071,0,EU,Majority,58,52691.07,5.52,0.201,7.44,0,0,31051.2,personal,1,0.5667,0.5928384252456194,1
A00-02072,0,US,Majority,59,104523.15,3.23,0.305,10.31,0,0,30360.9,auto,1,0.8611,0.850071490639427,1
A00-02073,0,US,Minority,49,88316.71,7.5,0.525,6.16,3,0,16940.88,personal,1,0.3512,0.30384311760687954,0
A00-02074,0,EU,Majority,47,66230.63,5.83,0.295,5.34,0,0,23717.09,personal,1,0.5681,0.5188865457948139,0
A00-02075,0,US,Majority,37,71057.24,9.18,0.342,7.41,1,0,20647.44,auto,1,0.6017,0.5487416408907634,0
A00-02076,0,EU,Minority,39,49222.55,10.69,0.455,13.27,0,0,31145.39,auto,0,0.6227,0.6416622556885926,1
A00-02077,0,US,Majority,35,71060.9,11.64,0.29,10.37,2,0,26422.29,personal,1,0.5663,0.5906482320991894,1
A00-02078,0,US,Majority,46,55695.83,4.29,0.376,3.34,0,0,16275.92,personal,0,0.4158,0.32644205413866745,0
A00-02079,0,US,Majority,31,67007.68,7.34,0.36,12.88,5,0,27914.36,auto,1,0.3109,0.3864814963503655,0
A00-02080,0,EU,Majority,37,102896.26,12.08,0.194,4.93,1,0,25919.26,personal,1,0.7563,0.7183836390669346,1
A00-02081,0,EU,Majority,21,66683.33,3.21,0.274,11.47,0,0,39686.08,home_improvement,1,0.6961,0.7564964102097698,1
A00-02082,0,EU,Minority,58,41587.58,6.22,0.418,9.31,2,0,33469.56,personal,1,0.2527,0.3131434167070862,0
A00-02083,0,EU,Majority,37,42538.93,3.36,0.484,10.97,2,0,22380.38,personal,0,0.2748,0.28317943375029236,0
A00-02084,0,EU,Majority,44,70915.24,15.17,0.484,15.91,1,1,26670.68,auto,1,0.4716,0.5324024796370195,0
A00-02085,0,EU,Majority,55,54042.99,12.0,0.581,5.19,4,0,36421.3,auto,0,0.1131,0.1397791395672762,0
A00-02086,0,US,Majority,42,73185.46,8.1,0.388,10.94,1,0,22700.55,personal,0,0.625,0.6122035542087733,1
A00-02087,0,EU,Majority,55,37729.44,8.03,0.28,13.54,0,0,30615.8,auto,1,0.64,0.6955787272478089,1
A00-02088,0,EU,Minority,25,74614.75,3.59,0.367,4.53,2,0,40616.39,home_improvement,0,0.3393,0.3916134325992421,0
A00-02089,0,EU,Majority,65,48356.87,12.82,0.316,5.52,1,0,23189.65,personal,0,0.3884,0.39546678341369657,0
A00-02090,0,US,Majority,51,69379.65,4.81,0.281,7.35,0,0,37401.85,personal,0,0.6054,0.6252442424019827,1
A00-02091,0,US,Minority,41,55072.24,3.83,0.421,8.4,0,0,39312.49,personal,0,0.4528,0.47477143143863126,0
A00-02092,0,EU,Majority,55,101149.39,11.03,0.382,2.86,1,0,27341.3,personal,1,0.6014,0.5429103465974364,0
A00-02093,0,US,Majority,26,71758.29,4.52,0.189,10.71,1,0,25404.1,personal,1,0.6889,0.6875059303586621,1
A00-02094,0,US,Minority,36,98463.97,3.94,0.506,1.47,1,0,33762.71,home_improvement,1,0.4462,0.4110087097722279,0
A00-02095,0,EU,Majority,55,79154.11,9.5,0.11,13.67,4,0,27060.0,home_improvement,1,0.6223,0.7614870116850819,1
A00-02096,0,US,Majority,21,95582.71,2.57,0.303,10.56,0,0,25091.53,home_improvement,1,0.8273,0.817446037419055,1
A00-02097,0,US,Majority,45,64532.83,8.16,0.468,16.15,1,0,33726.96,personal,1,0.6303,0.6922468640508493,1
A00-02098,0,US,Majority,45,75064.56,6.27,0.403,11.18,2,0,21244.91,personal,1,0.5375,0.5368942442352149,0
A00-02099,0,US,Majority,61,91654.23,9.04,0.287,7.28,1,0,24825.33,personal,1,0.6962,0.6826941611503943,1
A00-02100,0,EU,Minority,22,78694.24,7.64,0.611,3.91,2,0,23882.95,personal,1,0.2711,0.2066036689878941,0
A00-02101,0,EU,Majority,57,78588.87,20.66,0.277,9.46,1,1,12222.1,auto,0,0.5352,0.5276413876647849,0
A00-02102,0,EU,Minority,33,55269.24,6.63,0.135,6.98,2,0,29791.33,personal,0,0.4284,0.4651464682653964,0
A00-02103,0,EU,Minority,34,58483.25,4.51,0.429,11.84,1,0,24874.37,personal,1,0.5087,0.5066024794549617,0
A00-02104,0,EU,Majority,26,90115.58,5.85,0.117,4.79,2,0,35187.72,home_improvement,1,0.6066,0.6560355912758314,1
A00-02105,0,US,Minority,27,87072.31,7.59,0.275,15.18,0,0,29125.97,auto,1,0.886,0.8849814074292919,1
A00-02106,0,EU,Minority,43,50235.61,14.68,0.45,12.2,1,0,20684.52,home_improvement,0,0.5353,0.5883306876853196,1
A00-02107,0,US,Minority,27,47368.58,8.48,0.32,6.29,1,0,15727.05,personal,0,0.3986,0.3427072449479157,0
A00-02108,0,US,Majority,47,51321.46,3.46,0.4,15.69,1,0,24539.06,home_improvement,0,0.5943,0.6782546412291578,1
A00-02109,0,EU,Majority,32,84264.31,35.0,0.191,5.37,1,0,23791.92,personal,1,0.7655,0.7512626441765972,1
A00-02110,0,EU,Majority,26,50839.97,10.44,0.433,9.32,1,0,30149.42,personal,0,0.407,0.4118045833832236,0
A00-02111,0,US,Majority,33,84034.46,3.32,0.127,3.39,1,0,28508.23,personal,1,0.6054,0.5669627671735561,1
A00-02112,0,EU,Majority,43,78868.12,2.73,0.488,15.89,1,0,43078.88,auto,1,0.6902,0.7488366471545284,1
A00-02113,0,US,Majority,36,58143.25,2.38,0.273,1.91,1,0,31536.05,personal,1,0.3141,0.28920698839705283,0
A00-02114,0,US,Majority,39,98213.33,5.66,0.514,2.74,0,0,18586.91,auto,1,0.6397,0.4853055033863005,0
A00-02115,0,US,Minority,47,33717.08,5.81,0.274,4.56,1,0,16299.73,personal,1,0.2882,0.259744228494062,0
A00-02116,0,US,Majority,51,100031.12,3.77,0.561,13.79,2,0,34630.92,home_improvement,1,0.6459,0.7171425804015067,1
A00-02117,0,US,Majority,36,74558.83,2.13,0.215,12.32,1,0,15356.56,personal,1,0.7392,0.7171323381484994,1
A00-02118,0,US,Majority,28,29104.14,2.78,0.115,8.99,2,0,28220.85,auto,0,0.356,0.40369487113506003,0
A00-02119,0,US,Majority,40,98745.71,8.58,0.335,12.58,0,0,38927.26,home_improvement,1,0.8528,0.8854954047519114,1
A00-02120,0,US,Majority,44,86972.04,4.86,0.478,8.04,1,0,36913.25,auto,1,0.5795,0.5693681178391814,1
A00-02121,0,EU,Majority,23,60363.98,3.0,0.425,10.19,2,1,16668.16,home_improvement,0,0.187,0.21034738122461083,0
A00-02122,0,EU,Majority,29,50170.31,6.25,0.47,15.11,3,0,34244.05,auto,1,0.3595,0.44158140705174925,0
A00-02123,0,EU,Majority,31,38687.73,6.99,0.427,7.51,1,0,27016.65,personal,0,0.2883,0.2819404859022937,0
A00-02124,0,US,Majority,37,114393.48,7.46,0.232,5.43,3,0,18482.33,auto,1,0.692,0.6328302563285269,1
A00-02125,0,EU,Majority,31,50955.74,6.11,0.422,10.38,2,1,22810.77,auto,0,0.1689,0.18427247281535927,0
A00-02126,0,EU,Majority,47,44491.82,5.54,0.341,11.46,0,0,30368.59,personal,1,0.5423,0.5755312445523669,1
A00-02127,0,US,Majority,21,73590.46,11.56,0.245,8.94,0,0,20156.15,personal,0,0.7523,0.7049717136709327,1
A00-02128,0,US,Majority,22,37380.02,2.86,0.352,12.51,1,0,27602.5,personal,1,0.4179,0.44286592790180807,0
A00-02129,0,US,Majority,35,49850.58,5.09,0.323,7.69,0,0,35968.29,personal,0,0.4708,0.4845860313750827,0
A00-02130,0,US,Majority,37,87404.41,1.39,0.5,9.01,2,0,32004.37,home_improvement,1,0.4724,0.5107665770113331,0
A00-02131,0,US,Minority,23,70320.0,4.68,0.313,8.6,4,0,25379.3,home_improvement,0,0.3102,0.37416567563965325,0
A00-02132,0,US,Minority,32,54158.97,6.53,0.308,8.25,3,0,27549.43,auto,0,0.3208,0.34511592263602514,0
A00-02133,0,US,Minority,35,61847.83,9.44,0.291,13.55,1,0,23664.92,personal,1,0.6736,0.6937106685226861,1
A00-02134,0,EU,Majority,35,60093.06,1.43,0.558,9.98,0,0,23253.33,personal,1,0.4821,0.4241767183652009,0
A00-02135,0,US,Majority,41,67322.04,6.41,0.253,7.28,0,0,11011.42,personal,1,0.6799,0.5983046442665056,1
A00-02136,0,US,Majority,32,54025.58,15.93,0.486,10.61,1,0,25520.56,personal,0,0.4711,0.4699823449715884,0
A00-02137,0,EU,Minority,55,50475.45,7.79,0.251,11.14,3,0,29939.5,auto,0,0.3972,0.4876912877387841,0
A00-02138,0,US,Minority,44,49897.12,2.49,0.436,10.2,0,0,26650.7,auto,1,0.531,0.5097386882219406,0
A00-02139,0,US,Minority,30,47708.64,4.68,0.407,9.98,1,0,18003.78,personal,0,0.4228,0.3887968504406617,0
A00-02140,0,US,Minority,40,81334.31,7.94,0.523,1.11,0,0,30124.98,personal,0,0.4211,0.3307511789815483,0
A00-02141,0,US,Majority,40,83132.23,3.89,0.461,0.5,1,0,37477.42,home_improvement,1,0.3414,0.33595519536043855,0
A00-02142,0,US,Minority,52,43785.1,6.86,0.385,12.2,1,0,33218.1,personal,1,0.4367,0.5079835021754286,0
A00-02143,0,US,Minority,32,38806.52,6.62,0.311,8.86,1,0,25057.42,personal,1,0.3815,0.38799471855515183,0
A00-02144,0,US,Majority,47,65511.74,5.61,0.525,8.41,1,0,44508.96,personal,0,0.3654,0.4125871352406306,0
A00-02145,0,EU,Minority,39,102450.46,2.3,0.299,9.88,0,0,50755.82,personal,1,0.7886,0.8182444871584745,1
A00-02146,0,EU,Majority,55,48973.6,3.61,0.058,16.21,0,0,20090.43,auto,1,0.8424,0.8667466146097911,1
A00-02147,0,US,Minority,53,58436.74,16.85,0.152,12.75,3,1,23413.91,auto,0,0.3287,0.44255018978494937,0
A00-02148,0,US,Minority,41,63185.69,4.49,0.181,10.95,1,0,35052.39,auto,1,0.6657,0.710137598603415,1
A00-02149,0,US,Majority,36,66435.8,4.84,0.401,4.95,2,0,17047.5,personal,0,0.3304,0.27583211388393714,0
A00-02150,0,EU,Majority,45,59794.01,4.83,0.596,5.47,0,0,34551.68,home_improvement,1,0.351,0.360309152277788,0
A00-02151,0,EU,Majority,37,90446.52,9.31,0.085,0.5,1,0,32407.22,auto,1,0.6552,0.6131859853681058,1
A00-02152,0,US,Minority,57,70134.71,5.0,0.281,9.63,1,0,30130.35,home_improvement,1,0.6157,0.6869604360294176,1
A00-02153,0,US,Minority,40,77570.3,5.69,0.386,11.53,0,0,21904.57,personal,1,0.7375,0.7054147022478091,1
A00-02154,0,US,Majority,35,79698.22,6.41,0.515,13.26,1,0,17267.58,home_improvement,1,0.6777,0.6770573609937403,1
A00-02155,0,EU,Minority,34,78485.02,9.92,0.28,9.8,2,0,12035.56,auto,1,0.6736,0.6242494687548567,1
A00-02156,0,EU,Majority,26,98603.71,5.71,0.401,7.88,2,0,44608.28,auto,0,0.5825,0.6006582661980918,1
A00-02157,0,US,Majority,45,93789.84,6.09,0.3,6.24,2,0,40200.12,personal,0,0.5346,0.5686904236721101,1
A00-02158,0,EU,Majority,30,112671.28,4.02,0.643,5.2,0,1,30995.65,personal,0,0.3585,0.28417346821004,0
A00-02159,0,US,Majority,51,91629.48,6.96,0.347,7.85,0,0,34391.19,home_improvement,1,0.7438,0.769337401326146,1
A00-02160,0,EU,Majority,25,55780.51,8.17,0.373,4.59,2,0,5479.44,personal,0,0.3179,0.2313955590914618,0
A00-02161,0,EU,Majority,40,84598.93,8.5,0.34,15.52,1,0,21853.6,auto,0,0.8312,0.8307614098292935,1
A00-02162,0,US,Majority,52,81998.27,15.39,0.28,3.29,3,0,22657.21,auto,1,0.4367,0.41875746918647266,0
A00-02163,0,US,Majority,21,104985.6,3.44,0.444,7.71,1,0,16416.29,auto,1,0.7367,0.6232864053853201,1
A00-02164,0,EU,Minority,61,43123.99,5.85,0.236,0.5,1,0,11274.26,personal,1,0.2801,0.22409718417209387,0
A00-02165,0,US,Majority,34,79101.07,5.02,0.09,9.69,1,0,18527.5,home_improvement,1,0.7804,0.7953389301139175,1
A00-02166,0,EU,Minority,41,48559.66,13.83,0.357,7.09,0,0,28100.8,personal,1,0.4928,0.4836675277173334,0
A00-02167,0,US,Majority,45,78238.36,8.69,0.428,7.07,1,0,25489.01,home_improvement,1,0.5517,0.5623240715489781,1
A00-02168,0,EU,Majority,47,64419.81,1.83,0.26,4.77,2,0,36370.24,personal,1,0.3244,0.3567954071090908,0
A00-02169,0,US,Majority,42,77609.91,3.79,0.352,8.51,2,0,44110.77,personal,1,0.4376,0.5066300536002172,0
A00-02170,0,US,Majority,50,41703.57,4.64,0.184,6.32,2,0,29390.11,personal,0,0.2983,0.3438822392050486,0
A00-02171,0,US,Majority,45,83571.3,2.03,0.458,7.95,1,1,23506.24,auto,0,0.3123,0.2877339349676369,0
A00-02172,0,US,Majority,58,72415.13,6.13,0.408,16.33,1,0,43775.18,auto,1,0.715,0.7968147334869075,1
A00-02173,0,US,Majority,45,71391.66,4.13,0.332,9.19,0,0,15455.02,personal,1,0.6869,0.6264026220871167,1
A00-02174,0,EU,Majority,61,105554.34,15.77,0.35,10.63,1,0,5747.44,personal,1,0.8513,0.8063663169585216,1
A00-02175,0,US,Majority,49,61232.82,6.93,0.163,6.64,2,0,17973.58,auto,1,0.521,0.5070126162479539,0
A00-02176,0,US,Majority,21,75003.04,4.53,0.168,5.36,2,0,33610.04,personal,0,0.4739,0.4801242766363903,0
A00-02177,0,US,Minority,68,63405.14,2.99,0.36,7.01,1,0,28332.39,personal,0,0.4358,0.44931791281688976,0
A00-02178,0,US,Majority,33,72262.74,5.55,0.392,18.52,0,0,18110.79,auto,0,0.8622,0.8531128085829942,1
A00-02179,0,EU,Minority,55,103714.27,13.16,0.443,5.95,3,0,25433.78,personal,0,0.4921,0.47835985196110137,0
A00-02180,0,EU,Minority,39,62712.33,5.05,0.331,8.55,2,0,14161.88,personal,0,0.4421,0.4065688868164653,0
A00-02181,0,US,Minority,51,50721.68,5.58,0.464,3.79,1,0,13014.9,personal,0,0.2808,0.21742644739038483,0
A00-02182,0,EU,Minority,31,97047.15,10.71,0.545,0.5,1,0,37993.79,auto,1,0.4365,0.3576411650231911,0
A00-02183,0,EU,Majority,46,62653.91,6.81,0.319,5.34,2,0,27650.51,auto,0,0.383,0.3778743889540782,0
A00-02184,0,EU,Majority,36,38001.62,9.2,0.367,18.02,0,0,40118.93,personal,1,0.645,0.7418882796698484,1
A00-02185,0,US,Majority,56,54423.97,7.22,0.305,10.88,1,0,16627.28,personal,1,0.5628,0.5629485562452858,1
A00-02186,0,US,Minority,44,37814.84,6.98,0.36,13.66,0,0,30146.3,personal,1,0.5538,0.6029942149956549,1
A00-02187,0,US,Majority,49,34300.66,1.75,0.35,7.11,3,0,26943.68,personal,1,0.1479,0.1762086670697212,0
A00-02188,0,EU,Majority,21,61602.71,2.71,0.534,0.5,2,0,32740.13,personal,0,0.1401,0.11308343963808531,0
A00-02189,0,EU,Minority,38,60165.9,6.38,0.485,2.67,1,0,25273.78,personal,0,0.2735,0.22334281013923377,0
A00-02190,0,US,Majority,44,90930.03,3.18,0.429,10.09,2,0,38491.09,auto,1,0.5789,0.6075321050671658,1
A00-02191,0,US,Majority,41,80458.63,5.55,0.276,9.45,1,0,33483.12,personal,1,0.6518,0.6703143674975283,1
A00-02192,0,EU,Minority,50,72592.85,2.53,0.267,7.06,1,0,15626.9,home_improvement,1,0.6001,0.5928892783795534,1
A00-02193,0,EU,Majority,35,51529.01,10.76,0.377,6.38,1,0,30596.79,home_improvement,0,0.3871,0.4320900207347255,0
A00-02194,0,US,Majority,40,85313.73,3.44,0.479,12.26,1,0,24439.82,personal,0,0.6563,0.634295119512431,1
A00-02195,0,EU,Minority,52,87933.42,2.98,0.582,5.09,2,0,22293.11,auto,0,0.3885,0.3185550557864299,0
A00-02196,0,US,Majority,21,75996.85,2.14,0.036,9.73,1,0,31134.47,auto,1,0.7717,0.7778553870111119,1
A00-02197,0,US,Majority,45,76527.83,8.45,0.624,9.28,0,0,33208.39,personal,0,0.5411,0.5136697202305016,0
A00-02198,0,US,Majority,35,44470.85,5.55,0.38,7.03,2,1,20564.55,personal,0,0.101,0.10749762494975718,0
A00-02199,0,EU,Majority,29,88534.28,10.53,0.439,4.97,1,0,28698.34,home_improvement,1,0.5576,0.5419890818515266,0
A00-02200,0,EU,Majority,43,102335.78,4.03,0.121,6.79,1,0,15917.93,personal,1,0.8064,0.7591785791259299,1
A00-02201,0,US,Minority,53,67636.1,2.66,0.347,14.59,3,0,10212.24,auto,0,0.5725,0.5773345551310044,1
A00-02202,0,US,Minority,50,50207.21,5.39,0.474,11.55,2,0,23300.23,auto,1,0.3831,0.4000238537256024,0
A00-02203,0,US,Majority,38,65422.1,11.74,0.189,12.58,0,0,34437.64,personal,1,0.7778,0.812586960422246,1
A00-02204,0,US,Majority,49,60512.01,1.72,0.02,5.35,1,0,23474.63,auto,0,0.6146,0.6053665445042314,1
A00-02205,0,US,Majority,49,61651.46,6.72,0.37,2.75,1,0,41244.68,home_improvement,1,0.3185,0.3778977948724392,0
A00-02206,0,US,Minority,38,73811.68,7.12,0.369,11.49,1,0,24844.59,personal,1,0.642,0.6377651413890517,1
A00-02207,0,US,Majority,31,73809.82,12.85,0.503,12.12,0,0,24687.73,personal,1,0.6996,0.6690037716118731,1
A00-02208,0,US,Majority,32,87574.8,3.28,0.311,9.05,0,0,23435.42,personal,1,0.7568,0.7080017380081127,1
A00-02209,0,US,Majority,48,75547.15,1.63,0.32,7.02,2,0,37229.36,auto,1,0.4564,0.48612669744811327,0
A00-02210,0,EU,Minority,39,45082.33,4.3,0.459,1.24,2,0,17804.8,auto,0,0.1653,0.12395307954888564,0
A00-02211,0,US,Majority,27,58986.85,9.12,0.454,11.97,1,1,24047.21,auto,1,0.2967,0.30714881723670945,0
A00-02212,0,EU,Minority,21,50806.02,5.77,0.29,11.84,1,0,20981.84,auto,1,0.5979,0.5800946859684876,1
A00-02213,0,EU,Majority,48,64957.07,7.57,0.443,5.78,2,0,19563.62,home_improvement,1,0.3441,0.3521514405498986,0
A00-02214,0,EU,Minority,33,95599.56,2.77,0.312,4.05,1,0,29933.36,personal,1,0.5876,0.5291674475611977,0
A00-02215,0,US,Majority,43,105643.09,4.86,0.332,13.46,2,0,24700.26,home_improvement,0,0.7956,0.8279352956619705,1
A00-02216,0,US,Majority,53,84395.42,5.9,0.41,5.93,1,1,34889.21,personal,0,0.2493,0.27171397975709355,0
A00-02217,0,EU,Minority,25,63756.51,1.92,0.476,14.22,1,0,23342.72,personal,0,0.5695,0.5573539672707982,1
A00-02218,0,US,Minority,39,35628.61,5.88,0.413,6.66,2,0,28500.92,personal,0,0.1885,0.20252703042600706,0
A00-02219,0,US,Majority,37,72680.16,4.58,0.2,6.95,0,0,25884.83,personal,0,0.6848,0.6525776417562577,1
A00-02220,0,US,Majority,43,53489.86,23.03,0.106,8.68,0,0,38865.1,home_improvement,1,0.7267,0.8142284644990414,1
A00-02221,0,US,Majority,53,99479.92,5.63,0.307,6.95,0,0,27338.29,personal,1,0.775,0.7401033068529198,1
A00-02222,0,US,Majority,24,37983.99,13.25,0.447,13.0,0,0,22497.73,auto,0,0.5856,0.5676287709106497,1
A00-02223,0,EU,Majority,45,75805.2,7.54,0.384,12.04,1,0,32266.92,personal,1,0.6428,0.6724558071079496,1
A00-02224,0,US,Minority,50,44889.45,5.21,0.404,11.45,1,0,24306.5,personal,0,0.4298,0.453570882690872,0
A00-02225,0,US,Majority,37,68319.21,12.14,0.329,9.24,2,0,33276.32,home_improvement,0,0.5006,0.5907353638509454,1
A00-02226,0,EU,Minority,37,74155.3,2.49,0.412,5.27,1,0,47342.61,home_improvement,1,0.3974,0.4717208971896766,0
A00-02227,0,US,Majority,44,87917.41,4.24,0.211,8.46,0,0,20463.41,personal,0,0.7958,0.7576735792247257,1
A00-02228,0,EU,Majority,43,67346.89,9.44,0.424,6.8,0,0,41383.05,personal,1,0.5113,0.5270713035542055,0
A00-02229,0,US,Majority,45,82963.11,0.98,0.432,14.37,1,0,24812.61,personal,1,0.7029,0.7043294832795691,1
A00-02230,0,US,Majority,45,55913.07,5.51,0.287,12.51,2,0,35627.76,home_improvement,1,0.4897,0.6271601622381276,1
A00-02231,0,EU,Majority,28,73165.23,5.48,0.382,8.13,2,0,32514.24,personal,1,0.4226,0.4308152989171539,0
A00-02232,0,US,Majority,50,87541.94,6.58,0.124,4.79,2,0,29432.42,personal,1,0.5862,0.5968478323392824,1
A00-02233,0,US,Minority,52,67809.89,4.9,0.397,13.26,0,0,27205.22,auto,1,0.7392,0.7407505690937511,1
A00-02234,0,EU,Minority,41,51442.47,9.22,0.359,7.65,0,0,24232.88,home_improvement,0,0.5325,0.5503460930694186,1
A00-02235,0,EU,Minority,23,56198.2,3.39,0.526,6.58,1,0,22365.25,personal,0,0.3122,0.2551175572814369,0
A00-02236,0,EU,Majority,38,87797.47,9.97,0.306,14.7,1,0,24251.87,auto,1,0.8416,0.843445441002229,1
A00-02237,0,US,Majority,41,47754.95,2.72,0.434,6.46,2,0,23872.96,personal,0,0.227,0.21911065547056488,0
A00-02238,0,US,Majority,26,50558.01,6.9,0.283,7.22,0,0,28284.11,auto,0,0.5605,0.5267799589765153,0
A00-02239,0,EU,Majority,35,79930.19,11.32,0.056,7.58,2,0,17942.12,personal,0,0.6937,0.6838757909331549,1
A00-02240,0,US,Majority,23,60156.27,3.19,0.303,3.23,2,1,28326.21,home_improvement,0,0.1135,0.13383080640749026,0
A00-02241,0,US,Majority,46,40891.89,3.73,0.354,9.76,0,1,34558.56,auto,1,0.2345,0.27968555849487,0
A00-02242,0,EU,Majority,41,94165.55,10.17,0.348,5.45,3,0,40274.49,home_improvement,1,0.4348,0.5232763343085653,0
A00-02243,0,US,Majority,21,47607.59,6.31,0.35,6.22,1,0,27867.45,auto,1,0.383,0.3513997440766899,0
A00-02244,0,US,Majority,43,64710.83,1.64,0.269,5.68,1,0,51051.41,home_improvement,1,0.4121,0.5333642135443738,0
A00-02245,0,US,Majority,38,56729.11,6.46,0.291,6.15,1,0,21573.47,auto,0,0.4894,0.44608827864406986,0
A00-02246,0,US,Majority,45,62844.01,8.32,0.195,5.14,0,0,27491.5,auto,0,0.641,0.6107555395470312,1
A00-02247,0,EU,Majority,35,51692.23,10.41,0.09,9.49,0,0,11063.66,personal,1,0.7356,0.7005013855281648,1
A00-02248,0,EU,Majority,30,82071.31,6.8,0.317,7.88,1,0,21665.7,home_improvement,1,0.6559,0.6495197667756305,1
A00-02249,0,US,Majority,31,70605.65,7.69,0.241,8.69,2,0,38845.96,personal,0,0.4934,0.5530816653175851,1
A00-02250,0,US,Majority,33,87189.42,14.0,0.46,17.92,1,0,24301.36,auto,1,0.849,0.8538157747585113,1
A00-02251,0,US,Minority,39,49925.8,9.6,0.113,6.48,2,0,14829.93,auto,1,0.4931,0.47341868593701014,0
A00-02252,0,US,Majority,41,109027.41,4.79,0.365,10.92,1,0,37489.73,auto,0,0.809,0.8105060420798424,1
A00-02253,0,US,Majority,37,32311.67,5.18,0.585,11.37,2,0,27798.67,auto,0,0.2205,0.23747724041928614,0
A00-02254,0,EU,Minority,34,31382.44,11.05,0.353,6.85,1,0,32548.6,auto,0,0.3108,0.3290515052601085,0
A00-02255,0,US,Majority,35,101808.61,6.72,0.33,9.6,2,0,26077.96,auto,0,0.7272,0.7046973864922838,1
A00-02256,0,US,Minority,67,70506.79,6.13,0.426,7.18,0,0,17666.17,auto,1,0.6311,0.5658857499438311,1
A00-02257,0,EU,Minority,31,67986.34,4.69,0.436,7.91,0,0,25717.77,personal,0,0.557,0.4994249613826388,0
A00-02258,0,US,Majority,33,76694.23,10.81,0.281,6.15,1,0,31641.4,auto,1,0.6168,0.5976147232942031,1
A00-02259,0,EU,Majority,70,79352.94,3.32,0.209,6.52,1,0,27476.07,home_improvement,1,0.6323,0.683748236474061,1
A00-02260,0,US,Minority,44,67195.59,4.24,0.453,7.17,3,0,31690.99,auto,0,0.2801,0.2963324415541278,0
A00-02261,0,US,Minority,24,43147.81,10.79,0.146,0.5,1,0,20432.28,personal,0,0.3223,0.2716152948691307,0
A00-02262,0,EU,Majority,48,84045.63,10.72,0.43,14.48,0,0,30101.39,personal,1,0.8057,0.8160757749976671,1
A00-02263,0,US,Majority,29,81052.89,18.82,0.283,17.14,2,0,27502.53,home_improvement,1,0.8122,0.8735233966615711,1
A00-02264,0,US,Majority,49,95640.19,5.53,0.33,9.18,1,0,25653.15,home_improvement,0,0.738,0.7555517756952459,1
A00-02265,0,US,Majority,37,102020.58,4.74,0.267,11.16,2,0,28504.87,personal,0,0.7398,0.747330678364242,1
A00-02266,0,EU,Minority,34,67779.05,5.04,0.547,11.42,1,0,25459.08,home_improvement,0,0.5131,0.5357416076753814,0
A00-02267,0,EU,Majority,57,45176.57,1.8,0.36,3.2,1,0,31034.03,personal,0,0.2343,0.23437851100046728,0
A00-02268,0,US,Minority,45,95177.94,1.13,0.336,10.81,0,0,30539.83,home_improvement,1,0.8053,0.8212658416724913,1
A00-02269,0,EU,Minority,50,42155.15,6.79,0.333,5.39,2,0,29270.51,home_improvement,0,0.2399,0.3006118538868955,0
A00-02270,0,EU,Majority,44,74921.32,4.51,0.312,17.66,0,0,10679.97,auto,1,0.8862,0.8700846214272067,1
A00-02271,0,US,Majority,34,63622.06,3.48,0.618,7.75,1,1,15756.11,home_improvement,0,0.1576,0.14978201959713078,0
A00-02272,0,US,Minority,46,53318.12,6.08,0.217,10.73,1,0,18839.08,auto,0,0.6317,0.6285588978309471,1
A00-02273,0,US,Minority,52,76021.7,6.88,0.505,6.39,1,0,21647.26,personal,1,0.4577,0.40271956690631366,0
A00-02274,0,US,Minority,40,66144.73,5.29,0.443,15.89,2,0,22535.61,home_improvement,1,0.5911,0.6668197011490558,1
A00-02275,0,US,Majority,59,78251.59,5.38,0.515,6.45,0,0,35065.57,personal,1,0.5188,0.4999822941599201,0
A00-02276,0,US,Majority,48,53001.96,4.48,0.405,13.16,0,0,31563.58,personal,0,0.5963,0.6309822220280498,1
A00-02277,0,US,Majority,41,65192.58,8.69,0.33,11.01,0,0,21934.42,personal,0,0.6984,0.6794157023167625,1
A00-02278,0,US,Minority,42,46878.84,4.05,0.497,8.72,1,0,32186.37,auto,0,0.3412,0.3459077956198316,0
A00-02279,0,EU,Majority,41,64717.64,2.99,0.358,9.42,2,0,31829.78,auto,1,0.4493,0.4740721770931125,0
A00-02280,0,US,Majority,25,66243.52,4.36,0.421,5.83,2,0,27784.6,home_improvement,0,0.3296,0.34399574520486537,0
A00-02281,0,EU,Majority,38,103541.78,6.6,0.501,0.5,1,0,35744.24,home_improvement,1,0.4639,0.43068785345661714,0
A00-02282,0,EU,Majority,41,63571.62,9.0,0.341,12.8,0,0,23188.56,home_improvement,1,0.7377,0.7687218730967651,1
A00-02283,0,EU,Minority,34,21113.63,15.56,0.324,5.14,2,0,25177.95,auto,0,0.2001,0.20978305284056706,0
A00-02284,0,EU,Majority,43,95006.74,6.1,0.253,13.18,1,0,15246.02,home_improvement,1,0.8506,0.8571990487757248,1
A00-02285,0,EU,Majority,39,77035.93,13.34,0.384,9.91,1,1,17107.24,personal,1,0.3841,0.3736814052100077,0
A00-02286,0,US,Minority,48,59010.8,3.83,0.27,11.9,2,1,13366.73,auto,1,0.3051,0.3255854802576888,0
A00-02287,0,EU,Minority,46,53192.91,3.4,0.333,10.31,4,0,18503.55,personal,0,0.2424,0.2766790194586899,0
A00-02288,0,US,Majority,41,50508.41,7.48,0.214,0.5,3,0,26352.48,personal,0,0.1686,0.16917387292234476,0
A00-02289,0,EU,Majority,24,105322.91,8.14,0.391,10.96,1,0,23239.79,personal,1,0.7919,0.7515708615857756,1
A00-02290,0,US,Minority,59,62485.05,6.47,0.285,5.73,0,0,22148.22,personal,0,0.5673,0.5315774330685626,0
A00-02291,0,US,Minority,37,28482.73,23.33,0.221,11.76,0,0,21760.21,home_improvement,0,0.6425,0.7139005245055636,1
A00-02292,0,US,Majority,38,74727.06,3.97,0.197,10.86,0,0,43044.81,personal,1,0.7402,0.7825909767368663,1
A00-02293,0,EU,Majority,35,91417.26,11.92,0.261,10.91,1,0,17984.6,home_improvement,1,0.8138,0.8188034854804924,1
A00-02294,0,US,Majority,34,71472.26,3.46,0.272,7.41,2,0,14290.87,personal,1,0.4939,0.4420930004190544,0
A00-02295,0,US,Majority,56,51369.72,8.52,0.36,4.85,1,0,18998.75,auto,1,0.4003,0.3576698360798874,0
A00-02296,0,US,Minority,54,42669.59,5.94,0.356,5.37,0,0,26651.21,personal,0,0.3772,0.36122976139644014,0
A00-02297,0,US,Majority,44,51070.94,6.74,0.374,1.3,1,0,28277.82,home_improvement,0,0.2584,0.26392468514109485,0
A00-02298,0,EU,Majority,38,97411.5,7.53,0.384,6.14,0,0,33405.21,personal,1,0.7102,0.6682276439157356,1
A00-02299,0,EU,Minority,46,60138.38,6.07,0.464,1.24,1,1,33288.56,auto,0,0.1049,0.10000641260267105,0
A00-02300,0,US,Minority,40,29604.24,5.36,0.146,1.35,2,1,22726.57,home_improvement,1,0.0698,0.09165559995805898,0
A00-02301,0,US,Minority,37,68798.54,1.5,0.24,7.57,2,0,25654.53,auto,0,0.5029,0.4936614537808976,0
A00-02302,0,US,Majority,43,71179.7,9.82,0.397,10.64,1,0,43701.8,home_improvement,1,0.5722,0.6813797490575014,1
A00-02303,0,US,Majority,34,59970.99,2.39,0.355,8.37,0,0,3000.0,personal,1,0.6115,0.4848604813983013,0
A00-02304,0,EU,Majority,42,49112.27,4.55,0.447,6.5,2,0,25239.07,personal,0,0.2327,0.22887706684023154,0
A00-02305,0,EU,Majority,41,48286.0,7.03,0.145,4.71,1,0,27098.14,personal,0,0.4224,0.4269432475393818,0
A00-02306,0,US,Majority,46,89146.04,2.72,0.273,7.23,1,0,44433.34,personal,0,0.6103,0.6510394092570858,1
A00-02307,0,EU,Majority,32,73202.74,5.36,0.294,5.21,1,0,9079.51,personal,1,0.5536,0.4426451642681241,0
A00-02308,0,US,Majority,47,77594.23,9.19,0.35,8.25,0,0,23279.14,auto,1,0.7318,0.6881982914366562,1
A00-02309,0,EU,Minority,29,66150.42,4.48,0.379,1.01,2,0,12471.19,home_improvement,1,0.2779,0.22528762636790323,0
A00-02310,0,US,Minority,33,67726.09,5.42,0.431,9.91,3,0,12268.0,auto,0,0.4119,0.36805489385480084,0
A00-02311,0,EU,Majority,33,59600.5,3.11,0.316,6.23,2,0,26797.88,home_improvement,0,0.3498,0.38620697975099955,0
A00-02312,0,US,Majority,27,64589.24,4.82,0.495,10.01,0,0,30654.74,auto,0,0.5881,0.5483547024085796,0
A00-02313,0,EU,Majority,50,90633.32,2.44,0.533,12.05,1,0,40299.66,personal,1,0.6102,0.6440869295086243,1
A00-02314,0,US,Majority,28,95377.21,6.55,0.196,9.81,1,0,26400.81,auto,1,0.819,0.7996960600074774,1
A00-02315,0,US,Majority,31,45280.25,2.04,0.335,11.7,1,0,29463.34,personal,0,0.4471,0.4780903314884844,0
A00-02316,0,US,Majority,53,64543.08,3.88,0.426,0.5,1,0,27274.41,personal,1,0.2631,0.21952323058412293,0
A00-02317,0,US,Minority,33,77446.42,5.97,0.445,5.13,2,0,32539.66,home_improvement,1,0.3616,0.3880898534096442,0
A00-02318,0,US,Majority,37,104259.51,5.14,0.281,12.91,1,0,38390.27,personal,1,0.8227,0.8446809300164673,1
A00-02319,0,EU,Minority,28,95357.23,7.27,0.406,9.14,2,0,27751.45,personal,1,0.6002,0.577536438471631,1
A00-02320,0,EU,Majority,48,53380.6,5.43,0.14,15.89,2,0,33692.23,personal,0,0.6271,0.739847506039442,1
A00-02321,0,US,Majority,48,92725.88,1.5,0.328,15.32,1,0,12924.89,auto,1,0.8544,0.8319186541464985,1
A00-02322,0,EU,Majority,47,69614.09,2.69,0.155,9.7,0,1,31657.64,personal,0,0.459,0.5131541277950676,0
A00-02323,0,EU,Majority,45,88343.92,5.8,0.391,7.49,1,0,38353.24,auto,1,0.622,0.6233537105967552,1
A00-02324,0,US,Majority,40,83477.29,10.59,0.196,4.67,3,0,38575.42,personal,0,0.4174,0.47232720387339455,0
A00-02325,0,US,Minority,33,37484.68,9.53,0.395,5.2,4,0,14539.55,auto,1,0.1328,0.12467468354928253,0
A00-02326,0,US,Majority,30,78949.51,22.98,0.368,6.87,0,0,23332.09,home_improvement,1,0.7365,0.7266939621061572,1
A00-02327,0,US,Majority,53,87608.24,4.17,0.339,6.13,1,0,26718.75,personal,1,0.5909,0.5599953062757693,1
A00-02328,0,EU,Majority,47,68117.05,9.01,0.254,4.83,0,0,33138.26,auto,0,0.6228,0.6041629836089192,1
A00-02329,0,EU,Majority,31,63819.99,8.64,0.305,10.11,1,0,25458.84,personal,0,0.586,0.5838458927809066,1
A00-02330,0,EU,Majority,39,38638.39,13.63,0.472,15.29,0,0,38668.32,personal,1,0.5487,0.6310003623685079,1
A00-02331,0,US,Majority,36,81488.73,11.58,0.279,12.23,2,0,13484.41,personal,0,0.7106,0.6939033430214083,1
A00-02332,0,EU,Minority,27,65466.22,6.84,0.378,5.81,3,0,21076.58,personal,1,0.2744,0.2529459785802461,0
A00-02333,0,EU,Majority,41,50978.51,8.17,0.263,12.56,1,0,9796.98,home_improvement,1,0.6473,0.6689861391768075,1
A00-02334,0,US,Majority,34,62309.04,7.28,0.452,9.89,2,0,31351.14,home_improvement,1,0.392,0.4624266103214873,0
A00-02335,0,EU,Minority,29,64435.56,5.66,0.384,6.94,5,0,29961.17,home_improvement,0,0.1548,0.2155021981529375,0
A00-02336,0,US,Minority,23,50885.92,7.83,0.283,6.69,1,0,56082.15,personal,0,0.3424,0.43741494849128143,0
A00-02337,0,US,Majority,22,68550.87,6.42,0.331,7.7,0,0,35460.66,auto,0,0.6376,0.6121860696612056,1
A00-02338,0,US,Majority,35,35251.28,6.26,0.301,11.1,2,1,26231.76,auto,1,0.156,0.2001961002923485,0
A00-02339,0,US,Majority,38,94139.01,13.99,0.497,9.06,1,0,31053.42,personal,1,0.6544,0.6350500447394988,1
A00-02340,0,EU,Majority,29,68802.28,6.92,0.325,5.59,0,0,22984.85,auto,1,0.6249,0.543755834684528,0
A00-02341,0,US,Majority,46,47612.28,6.1,0.164,5.39,0,0,27341.74,home_improvement,0,0.534,0.5736400264207862,1
A00-02342,0,US,Minority,38,18000.0,5.24,0.435,8.32,1,0,26763.23,home_improvement,0,0.2098,0.2560214256860922,0
A00-02343,0,US,Majority,45,88053.56,4.96,0.544,10.21,0,0,14977.68,home_improvement,1,0.7214,0.6774974518687237,1
A00-02344,0,US,Minority,37,72103.74,2.63,0.519,5.85,2,0,28831.6,personal,1,0.2885,0.26419766308084464,0
A00-02345,0,US,Majority,30,72503.03,5.67,0.198,3.97,0,0,26517.63,home_improvement,0,0.6362,0.6220643784256898,1
A00-02346,0,US,Minority,40,77909.31,10.9,0.343,12.1,2,0,41287.26,home_improvement,1,0.6009,0.7210533808138351,1
A00-02347,0,EU,Minority,25,77857.07,4.09,0.371,11.25,1,0,25015.48,auto,1,0.6851,0.6533423511627067,1
A00-02348,0,US,Majority,45,72194.32,17.43,0.328,0.55,0,0,19745.49,personal,0,0.5322,0.43408353622158447,0
A00-02349,0,EU,Majority,29,63669.93,1.03,0.376,13.86,0,0,25473.91,personal,0,0.6912,0.6808110138892451,1
A00-02350,0,US,Majority,49,60574.31,7.66,0.289,7.66,1,0,25130.13,personal,1,0.5067,0.5072941559267499,0
A00-02351,0,EU,Minority,35,69497.9,6.57,0.265,7.86,0,0,28754.62,personal,1,0.6572,0.636453890280988,1
A00-02352,0,EU,Majority,51,95043.6,13.85,0.444,13.05,0,0,20948.78,home_improvement,1,0.8543,0.8600682662281338,1
A00-02353,0,US,Majority,27,66544.84,3.81,0.195,15.11,1,0,21995.17,home_improvement,1,0.7706,0.8139032178244452,1
A00-02354,0,US,Majority,32,96553.07,2.42,0.234,12.51,1,0,27535.02,home_improvement,1,0.824,0.847570450189703,1
A00-02355,0,EU,Minority,43,68589.9,5.07,0.239,8.06,1,0,26591.91,personal,0,0.5794,0.5787632695490998,1
A00-02356,0,US,Majority,52,75733.13,4.58,0.403,3.0,1,0,29244.11,auto,0,0.4368,0.3873605691507007,0
A00-02357,0,EU,Majority,57,114197.08,1.79,0.343,0.5,0,0,27698.12,personal,0,0.686,0.5857956969205609,1
A00-02358,0,US,Minority,39,92900.89,6.13,0.481,10.61,0,0,30041.44,personal,0,0.7388,0.7086429841353793,1
A00-02359,0,US,Majority,59,100393.58,4.34,0.236,13.87,2,0,33912.57,personal,1,0.7841,0.8319147931972066,1
A00-02360,0,US,Minority,36,46345.34,12.41,0.225,3.84,1,0,24363.62,home_improvement,0,0.3973,0.423331389269462,0
A00-02361,0,EU,Majority,51,110151.47,6.19,0.277,7.42,0,0,48840.97,auto,1,0.8302,0.843140317751655,1
A00-02362,0,US,Majority,29,66937.88,3.5,0.308,6.27,0,0,28946.36,home_improvement,1,0.5835,0.5843222797973815,1
A00-02363,0,EU,Minority,44,57177.67,5.73,0.4,4.76,1,0,16626.71,personal,0,0.3632,0.3013094883012606,0
A00-02364,0,EU,Majority,21,27474.28,6.49,0.128,12.8,2,0,17407.95,personal,1,0.4374,0.47876095332675994,0
A00-02365,0,US,Minority,27,67699.53,8.1,0.432,7.97,1,0,17072.72,auto,0,0.5495,0.46727143260882026,0
A00-02366,0,US,Majority,44,47916.27,5.9,0.223,7.58,1,0,19098.0,auto,0,0.5122,0.48907738070943524,0
A00-02367,0,US,Majority,25,76256.82,16.94,0.252,19.13,1,0,33957.83,home_improvement,1,0.8686,0.9203387069401447,1
A00-02368,0,US,Majority,44,46430.26,2.57,0.471,2.76,2,0,17476.28,personal,0,0.1594,0.12821327576531624,0
A00-02369,0,EU,Majority,49,102656.3,4.3,0.068,10.69,1,0,21541.57,personal,1,0.8708,0.8672454499534378,1
A00-02370,0,US,Majority,33,78979.91,3.51,0.369,4.3,0,0,36231.28,home_improvement,0,0.5566,0.55936464670396,1
A00-02371,0,US,Majority,28,111817.56,4.71,0.368,7.87,0,0,19015.11,auto,1,0.8545,0.778787627192388,1
A00-02372,0,EU,Majority,34,49062.54,6.96,0.232,9.09,1,0,31812.15,auto,0,0.5246,0.551664592927981,1
A00-02373,0,EU,Majority,28,97934.41,6.68,0.276,11.88,0,0,11066.35,home_improvement,0,0.8873,0.8652020013426501,1
A00-02374,0,US,Majority,38,34248.46,7.98,0.477,7.46,0,0,23036.09,auto,0,0.3746,0.33189184071738803,0
A00-02375,0,EU,Majority,40,72453.43,6.17,0.566,7.03,0,0,19948.94,auto,0,0.5581,0.454170673312035,0
A00-02376,0,US,Minority,36,49499.16,6.39,0.503,5.98,2,0,27531.08,personal,0,0.2057,0.19876431430330932,0
A00-02377,0,EU,Majority,57,59988.83,6.24,0.556,4.18,1,0,18592.35,auto,0,0.3246,0.2576048181442476,0
A00-02378,0,US,Majority,31,58686.57,4.44,0.247,11.03,3,0,41809.19,personal,0,0.3582,0.4682108216977796,0
A00-02379,0,US,Minority,54,44120.39,4.23,0.185,8.23,3,0,9468.63,auto,0,0.3576,0.3553257311281364,0
A00-02380,0,US,Minority,28,37565.92,3.46,0.369,8.84,1,0,32982.4,auto,0,0.3502,0.3645313131421671,0
A00-02381,0,EU,Majority,40,60093.89,8.23,0.427,8.22,0,0,33967.66,personal,1,0.5142,0.5120046206129287,0
A00-02382,0,EU,Majority,52,70704.54,1.21,0.107,7.73,2,0,31918.52,personal,0,0.5302,0.5844285905502398,1
A00-02383,0,US,Majority,51,90610.19,6.31,0.219,13.2,1,0,25481.1,personal,1,0.8199,0.8336331282003953,1
A00-02384,0,EU,Majority,34,74111.66,9.11,0.232,12.59,0,0,44399.99,auto,1,0.8022,0.8399904300233121,1
A00-02385,0,EU,Minority,45,83664.26,10.48,0.418,12.76,2,0,44317.97,personal,0,0.5835,0.6744922642353124,1
A00-02386,0,US,Minority,44,33414.64,0.91,0.402,8.59,0,0,22418.91,home_improvement,1,0.3816,0.40320795102415047,0
A00-02387,0,EU,Majority,33,60273.58,4.53,0.237,13.91,1,0,28281.22,personal,1,0.6668,0.7049111796198109,1
A00-02388,0,US,Minority,46,75009.09,3.6,0.397,5.44,2,0,24502.23,personal,1,0.3708,0.3434687399783871,0
A00-02389,0,EU,Majority,59,75020.62,4.29,0.193,7.7,2,0,20136.94,auto,1,0.601,0.5958328580146304,1
A00-02390,0,US,Majority,44,52137.67,11.73,0.279,13.28,1,0,30234.53,auto,0,0.6513,0.7023270537106133,1
A00-02391,0,US,Minority,45,79247.31,3.61,0.223,10.47,0,0,28788.36,personal,1,0.7709,0.7703789929926885,1
A00-02392,0,US,Majority,46,58405.81,9.09,0.312,7.34,3,0,9667.27,personal,0,0.3369,0.31303611625661715,0
A00-02393,0,US,Majority,23,53730.09,6.36,0.234,4.31,2,0,28357.07,personal,1,0.3055,0.2993477674725127,0
A00-02394,0,EU,Majority,44,77752.01,4.17,0.413,7.68,0,0,32584.07,personal,1,0.6046,0.5801697042614086,1
A00-02395,0,US,Minority,28,61617.22,3.91,0.372,4.36,1,0,21481.07,personal,0,0.374,0.3090893954724933,0
A00-02396,0,US,Majority,33,58564.67,6.75,0.303,15.4,1,0,19341.44,auto,1,0.7272,0.731682756160818,1
A00-02397,0,US,Majority,63,57919.5,5.55,0.542,11.54,1,0,28043.26,auto,0,0.4751,0.4923443572286875,0
A00-02398,0,EU,Majority,36,48173.86,1.69,0.376,5.44,1,0,37223.02,personal,1,0.2732,0.28545761635536576,0
A00-02399,0,EU,Majority,31,60980.78,3.07,0.286,4.32,0,1,30969.71,auto,0,0.2586,0.24391117518859554,0
A00-02400,0,US,Majority,52,89400.18,6.86,0.26,5.39,2,0,33320.77,personal,1,0.5289,0.5459193403003406,0
A00-02401,0,US,Minority,29,66146.46,2.49,0.233,4.86,1,0,22121.27,home_improvement,0,0.5031,0.4933465159317876,0
A00-02402,0,US,Minority,34,79713.29,9.83,0.367,6.43,1,0,23100.79,auto,1,0.6141,0.5520155122620505,1
A00-02403,0,EU,Minority,53,71305.3,2.0,0.412,11.56,0,0,34003.6,auto,1,0.6871,0.6962119177391376,1
A00-02404,0,EU,Minority,39,49867.32,4.9,0.145,3.23,3,0,12103.53,personal,0,0.2562,0.23189244236681236,0
A00-02405,0,EU,Majority,22,37166.32,8.37,0.166,17.66,1,0,25322.08,auto,0,0.7181,0.7707790122869105,1
A00-02406,0,EU,Majority,45,50889.77,2.91,0.268,4.73,0,1,28584.46,personal,0,0.1994,0.2051678350093022,0
A00-02407,0,US,Majority,35,55746.52,2.37,0.198,2.86,2,0,23738.53,home_improvement,0,0.3123,0.32984456773393384,0
A00-02408,0,EU,Majority,56,54276.93,7.52,0.335,15.25,1,0,31016.11,personal,1,0.6196,0.6966174608765647,1
A00-02409,0,US,Minority,32,80139.38,9.26,0.397,12.39,2,0,29967.87,personal,1,0.5955,0.6230267764526144,1
A00-02410,0,US,Minority,51,79941.18,5.12,0.36,6.37,3,0,20496.87,auto,1,0.4142,0.391661928729119,0
A00-02411,0,US,Minority,59,103525.71,4.45,0.441,8.63,1,0,18367.6,auto,0,0.7487,0.6879018532807956,1
A00-02412,0,US,Majority,30,53989.3,1.95,0.26,10.13,0,0,25111.31,auto,1,0.6514,0.6261635533122071,1
A00-02413,0,EU,Majority,37,98851.52,6.02,0.324,9.05,2,0,40090.65,home_improvement,0,0.6432,0.7171153078185701,1
A00-02414,0,US,Majority,43,98734.08,1.49,0.21,3.31,2,0,32730.29,personal,1,0.5382,0.5204602041884216,0
A00-02415,0,EU,Majority,30,64086.99,11.82,0.364,0.5,0,0,22301.18,personal,0,0.4232,0.3240207473271985,0
A00-02416,0,EU,Majority,42,77497.55,5.27,0.339,5.12,1,0,20554.05,home_improvement,0,0.5422,0.5231700920909227,0
A00-02417,0,EU,Majority,37,92073.93,3.11,0.186,15.76,2,0,27724.64,personal,1,0.8065,0.8385804431729161,1
A00-02418,0,EU,Majority,36,67380.43,3.88,0.311,15.92,1,0,21982.03,auto,1,0.7611,0.7696157187538141,1
A00-02419,0,US,Minority,40,58908.56,6.3,0.37,6.05,1,0,29728.62,personal,0,0.39,0.38057065370842064,0
A00-02420,0,US,Majority,40,56580.59,4.31,0.364,4.67,3,1,37198.68,personal,0,0.0648,0.0873477629961539,0
A00-02421,0,US,Majority,41,23659.27,5.7,0.368,9.61,1,0,42965.98,personal,1,0.2418,0.3214257680877723,0
A00-02422,0,US,Minority,32,62838.96,2.82,0.288,8.86,1,0,16498.33,home_improvement,1,0.5719,0.5689845060730683,1
A00-02423,0,EU,Majority,33,55012.48,10.6,0.422,10.9,3,0,30384.64,personal,0,0.3024,0.3552514486284864,0
A00-02424,0,US,Minority,38,41068.38,3.94,0.438,0.5,2,0,30365.48,personal,0,0.1111,0.10167391948871027,0
A00-02425,0,US,Minority,39,69521.64,1.15,0.288,19.73,0,0,23671.83,personal,1,0.8574,0.8747568770688378,1
A00-02426,0,US,Majority,34,40925.07,4.54,0.193,13.03,1,0,14585.67,personal,1,0.5863,0.5916900345767256,1
A00-02427,0,US,Minority,43,76815.52,3.56,0.297,6.31,3,0,25879.89,personal,0,0.3629,0.3697571589521978,0
A00-02428,0,EU,Majority,21,77688.39,10.2,0.153,5.63,1,0,46453.76,home_improvement,1,0.6127,0.6953157051839756,1
A00-02429,0,US,Minority,31,53896.33,3.12,0.4,11.05,1,0,29256.61,auto,1,0.5006,0.5026142554605673,0
A00-02430,0,EU,Minority,36,60297.11,4.27,0.517,9.08,3,0,16968.83,personal,0,0.2529,0.23482678233854867,0
A00-02431,0,EU,Minority,30,38885.8,6.41,0.546,7.47,1,0,24753.56,personal,0,0.2393,0.2169017260336779,0
A00-02432,0,EU,Majority,57,82756.43,8.01,0.199,10.33,4,1,16168.24,personal,1,0.2499,0.30849678521770496,0
A00-02433,0,US,Majority,39,72059.92,12.26,0.424,8.05,1,1,23648.85,personal,0,0.2727,0.27329534879973866,0
A00-02434,0,EU,Minority,41,66475.15,3.3,0.385,8.71,1,0,31028.31,personal,0,0.4802,0.4841628329467368,0
A00-02435,0,US,Minority,34,71035.92,11.5,0.087,10.01,0,0,22301.9,home_improvement,1,0.8271,0.8462034808791328,1
A00-02436,0,US,Majority,39,56294.11,9.98,0.29,9.87,1,0,3000.0,personal,1,0.6069,0.5326234970194454,0
A00-02437,0,EU,Majority,26,39637.89,3.52,0.277,9.66,2,0,27261.94,personal,0,0.3172,0.3472024506692804,0
A00-02438,0,EU,Majority,37,86689.05,3.25,0.475,14.07,1,0,21161.09,auto,1,0.7492,0.7192036808111417,1
A00-02439,0,US,Minority,29,74585.65,7.22,0.27,0.71,0,0,19736.47,personal,1,0.5331,0.4142646795124345,0
A00-02440,0,EU,Minority,36,51328.18,5.61,0.443,3.91,1,0,18504.67,auto,1,0.3225,0.2518975547489636,0
A00-02441,0,US,Majority,21,76273.09,7.21,0.317,8.61,2,0,29376.97,auto,1,0.5534,0.5416708198928794,0
A00-02442,0,EU,Majority,27,92401.5,4.63,0.157,5.58,1,0,24057.64,personal,1,0.7077,0.6582496027246715,1
A00-02443,0,EU,Majority,55,90135.32,5.95,0.264,6.92,0,0,35012.5,home_improvement,1,0.7484,0.7797198790265016,1
A00-02444,0,US,Majority,48,57773.38,5.29,0.514,13.65,3,1,31687.84,personal,0,0.1242,0.1833776819215494,0
A00-02445,0,EU,Majority,54,40213.54,7.15,0.309,7.9,1,0,21866.5,personal,1,0.3781,0.3869607353949391,0
A00-02446,0,EU,Majority,54,43472.91,3.18,0.439,1.18,0,0,19133.91,auto,0,0.2892,0.21450777465181115,0
A00-02447,0,EU,Majority,46,62577.21,6.23,0.432,6.81,0,0,27853.27,auto,0,0.5418,0.4969606360945312,0
A00-02448,0,EU,Majority,34,96284.03,12.12,0.276,8.73,0,0,25835.19,personal,0,0.8259,0.7968826655030116,1
A00-02449,0,EU,Majority,28,54659.54,11.73,0.176,8.66,0,0,11776.35,personal,1,0.6983,0.6416111140969434,1
A00-02450,0,US,Majority,52,57169.77,6.66,0.192,10.72,0,1,39770.71,home_improvement,0,0.4029,0.5568996779201683,1
A00-02451,0,EU,Minority,40,49778.69,3.14,0.549,9.0,1,0,30788.77,auto,0,0.3379,0.32946817127432454,0
A00-02452,0,US,Majority,66,58397.11,15.38,0.348,7.94,0,0,20113.58,auto,0,0.6537,0.6303219660426584,1
A00-02453,0,EU,Minority,35,61286.69,7.16,0.167,2.33,2,0,7275.12,auto,0,0.4367,0.3404640441892168,0
A00-02454,0,US,Majority,61,44179.05,14.54,0.43,6.74,0,0,24883.34,auto,1,0.4713,0.45405064123763106,0
A00-02455,0,US,Majority,37,89102.84,7.33,0.116,6.01,0,0,19168.88,auto,1,0.8325,0.7813201551347184,1
A00-02456,0,EU,Majority,54,65748.4,0.82,0.231,7.36,1,0,23635.17,personal,1,0.5347,0.5272422243794854,0
A00-02457,0,US,Majority,58,115603.56,15.33,0.34,11.26,0,0,8847.18,personal,1,0.9193,0.8870180328086519,1
A00-02458,0,US,Majority,28,46202.15,9.19,0.632,10.12,2,0,20338.53,auto,0,0.273,0.24555117564841492,0
A00-02459,0,EU,Majority,34,98707.46,5.82,0.428,11.8,0,0,28583.06,auto,0,0.8354,0.8061418181354512,1
A00-02460,0,US,Minority,28,87935.56,1.61,0.317,5.56,1,0,30059.38,auto,1,0.6127,0.5556854725168128,1
A00-02461,0,US,Majority,25,60678.0,9.77,0.333,14.53,0,1,23555.28,auto,1,0.5299,0.549721043764352,0
A00-02462,0,US,Majority,46,60993.85,7.29,0.44,11.19,3,0,24670.93,auto,1,0.3739,0.4046137856770076,0
A00-02463,0,US,Majority,37,50995.34,17.79,0.501,8.95,1,0,38470.15,personal,0,0.3756,0.4204258427396701,0
A00-02464,0,US,Majority,40,51213.39,13.73,0.3,10.91,1,0,21160.87,home_improvement,0,0.5851,0.6401415175631608,1
A00-02465,0,US,Minority,45,61488.49,14.3,0.349,4.4,0,0,18120.76,home_improvement,1,0.5603,0.532598113445581,0
A00-02466,0,US,Minority,21,61893.22,6.56,0.275,0.5,0,0,8443.56,home_improvement,1,0.4901,0.37395031224205355,0
A00-02467,0,US,Majority,53,38055.25,6.38,0.41,6.07,2,1,19144.1,home_improvement,0,0.0826,0.1071586814294378,0
A00-02468,0,US,Majority,35,112076.6,7.34,0.453,11.49,2,0,12669.74,home_improvement,1,0.7735,0.7496863747164876,1
A00-02469,0,EU,Majority,45,63569.18,3.77,0.097,8.82,1,0,33396.93,personal,0,0.6196,0.667444517442983,1
A00-02470,0,EU,Majority,46,69746.63,5.92,0.282,7.95,1,0,26233.9,auto,1,0.609,0.5949336676911235,1
A00-02471,0,US,Minority,54,49601.49,5.22,0.229,3.71,0,0,35339.69,auto,0,0.4647,0.46759106791380334,0
A00-02472,0,US,Minority,38,56426.82,11.31,0.393,0.5,4,1,36718.75,personal,0,0.0319,0.04190492770568738,0
A00-02473,0,EU,Majority,21,61700.32,12.63,0.181,14.2,0,0,20405.34,home_improvement,1,0.8313,0.8540598337146046,1
A00-02474,0,EU,Majority,40,68444.32,8.52,0.172,7.67,1,0,21595.71,personal,1,0.6345,0.6196911819077292,1
A00-02475,0,US,Majority,41,68222.79,3.38,0.465,6.78,0,0,34541.86,personal,0,0.4819,0.4569246367647429,0
A00-02476,0,US,Majority,28,83792.46,15.88,0.31,5.81,0,0,30053.67,personal,0,0.7065,0.6662532527614388,1
A00-02477,0,US,Majority,41,72817.18,9.74,0.323,13.52,1,0,28995.73,personal,1,0.7073,0.737594296855628,1
A00-02478,0,EU,Majority,35,81881.38,7.04,0.382,12.03,1,0,39310.57,personal,0,0.6595,0.6989972413320035,1
A00-02479,0,EU,Minority,24,61313.59,8.06,0.491,3.23,1,0,36343.5,personal,0,0.2707,0.24538050421460025,0
A00-02480,0,EU,Majority,46,72893.8,2.23,0.28,13.16,1,0,27253.67,personal,1,0.6926,0.7176270382354755,1
A00-02481,0,US,Majority,33,63915.19,5.23,0.282,7.92,1,0,36113.62,personal,1,0.4963,0.5221107618166644,0
A00-02482,0,US,Majority,35,87559.12,11.86,0.283,6.06,2,1,24262.2,auto,0,0.3354,0.331092796612396,0
A00-02483,0,US,Majority,34,74629.83,2.15,0.46,7.33,2,0,34217.07,auto,1,0.3921,0.3847822825010861,0
A00-02484,0,US,Minority,53,58496.58,2.1,0.367,3.97,3,0,21953.97,personal,0,0.1935,0.1883671651461472,0
A00-02485,0,US,Majority,39,64929.71,9.77,0.295,3.22,0,0,36552.0,home_improvement,0,0.5088,0.53810836515191,0
A00-02486,0,EU,Minority,40,59424.45,7.73,0.422,10.2,2,0,18753.17,personal,1,0.4147,0.40506712563871233,0
A00-02487,0,US,Minority,34,62078.43,2.17,0.595,6.22,1,0,12311.38,auto,1,0.3628,0.2560563684378996,0
A00-02488,0,EU,Majority,44,67429.14,4.94,0.339,10.97,3,0,29762.26,home_improvement,0,0.4143,0.5210998140744315,0
A00-02489,0,US,Majority,54,57882.01,7.04,0.298,9.65,0,0,18997.18,home_improvement,1,0.6593,0.6796714138192869,1
A00-02490,0,US,Minority,46,76033.11,6.56,0.608,9.29,1,0,18586.53,auto,0,0.5277,0.45250614810114154,0
A00-02491,0,EU,Majority,47,84233.44,7.37,0.49,0.5,0,0,33930.03,personal,0,0.4293,0.35462370283678246,0
A00-02492,0,EU,Majority,46,102393.28,4.72,0.472,5.03,0,0,33641.45,home_improvement,0,0.6754,0.6588221244364083,1
A00-02493,0,US,Minority,24,50031.04,6.76,0.315,9.38,1,0,22421.94,auto,1,0.5163,0.4883942545189064,0
A00-02494,0,EU,Minority,29,74162.34,8.51,0.303,2.0,1,0,3000.0,auto,0,0.5483,0.3803364271839067,0
A00-02495,0,US,Majority,37,32226.39,8.14,0.11,9.99,1,0,30198.54,personal,0,0.4726,0.5417936747092484,0
A00-02496,0,US,Majority,31,84251.82,4.8,0.446,2.94,0,0,31891.54,home_improvement,0,0.5303,0.4928262544095606,0
A00-02497,0,US,Majority,27,40824.94,8.97,0.339,8.57,2,0,31176.73,home_improvement,0,0.3003,0.3780974893892152,0
A00-02498,0,US,Minority,21,42797.71,3.12,0.159,13.54,4,0,27832.04,auto,0,0.3528,0.4448872136371064,0
A00-02499,0,EU,Majority,24,74812.28,3.88,0.474,11.6,1,0,27874.94,home_improvement,1,0.5907,0.6141440501137071,1
